1.606574984999999955e+00	9.955190971999999805e-01	1.087393209000000027e+00	1.027673644000000053e+00	-1.243939257000000076e+00	5.846132803000000377e-01	-9.088183120999999698e-01	-1.263920347000000000e+00	-6.029649386000000000e-01	4.314934053999999741e-01	-1.766675318999999966e+00	-2.690264532000000042e+00	1.295282902999999930e+00	-2.624252201999999756e-01	-1.105088454999999970e+00	-2.734520752999999971e+00	-1.916150494999999954e-01	2.853802310999999925e-01	4.833609521000000186e-01	-3.450950999999999880e-01
1.609571115000000052e+00	1.026384407000000110e+00	1.090453168000000028e+00	1.006079420000000058e+00	-8.917009596999999621e-01	6.252106750000000490e-01	-7.448444785000000179e-01	-1.509535174999999896e+00	-6.085788613000000513e-01	5.227547727000000366e-01	-1.491924191000000066e+00	-1.630143734000000011e+00	1.243335561000000089e+00	1.139349952000000110e+00	-4.138332981999999771e-01	-2.123025517999999945e+00	-3.590687669000000026e-01	-6.452241429999999722e-01	-6.697248849999999643e-02	-4.810961535000000122e-01
1.585240830999999906e+00	9.548418496999999672e-01	1.050526218999999983e+00	9.880749317999999448e-01	-1.003200351999999906e+00	9.514295324999999526e-01	-4.011740564999999870e-01	-1.641077772000000046e+00	-5.571504669000000298e-01	9.622991158999999461e-02	-1.568435073999999929e+00	-1.927989984999999962e+00	1.441758094000000101e+00	6.038218789000000114e-02	1.514844515000000058e+00	-8.865580446999999920e-01	-5.291247842999999840e-01	-6.376616740999999644e-01	-5.308978196000000427e-01	-1.265809229999999980e-02
1.555739744999999896e+00	9.671542167000000134e-01	1.069331795999999946e+00	1.122807287999999959e+00	-8.788100876000000117e-01	8.869288605999999797e-01	-7.932635445000000285e-01	-1.449159177000000076e+00	-7.501499790000000223e-01	-7.916989992999999837e-01	-1.882672861999999947e+00	-2.447342702999999897e+00	1.152913480999999907e+00	-2.016605505999999881e-01	9.098764193999999694e-01	-2.386124988000000169e+00	-1.330794840000000014e-02	-1.058964703000000007e+00	1.596219078999999985e-01	-1.508383095999999979e+00
1.542379737999999945e+00	9.547058792000000516e-01	1.038509005999999957e+00	9.990729293000000233e-01	-5.814531675999999871e-01	4.763567964000000043e-01	-8.618066262000000366e-01	-1.452533379999999985e+00	-7.375881212999999548e-01	-1.007749054999999894e+00	-1.937464378999999903e+00	-1.938834087000000039e+00	6.993472715999999867e-01	3.375187064999999875e-01	8.861185912000000275e-01	-1.586996523000000048e+00	-5.151944473999999774e-01	-1.565852430000000128e-01	9.721517701000000067e-02	-7.132431759999999787e-01
1.536115828000000016e+00	1.006432793000000103e+00	1.055527925999999894e+00	1.090889817999999956e+00	-1.504800575999999945e-01	6.534115644000000334e-01	-9.193248291000000183e-01	-1.573584950999999954e+00	-4.553617736000000193e-01	-8.953642384000000121e-01	-1.188949591000000083e+00	-2.159537894000000069e+00	1.432684738000000069e+00	8.090874306999999988e-01	9.812959400999999859e-01	-1.799329500000000026e+00	-5.584559847000000188e-01	-6.579196109999999598e-01	6.896566128000000129e-01	-6.154186364000000520e-01
1.509998825999999905e+00	9.071677326999999513e-01	1.024831749999999930e+00	1.139743775999999986e+00	-4.717959462999999909e-01	7.283713773000000113e-01	-9.202926256000000249e-01	-1.469419014999999940e+00	-7.474069694999999625e-01	-1.074924369999999962e+00	-1.019877528000000089e+00	-1.214661119000000067e+00	-2.461951653999999989e-01	1.079066351999999895e+00	9.103018243999999592e-01	-2.685190143999999890e+00	-1.440180534999999928e-01	-3.155495426000000103e-01	-2.458086958000000044e-01	-1.093289286000000082e+00
1.391744733999999983e+00	9.705792521999999645e-01	1.143463190999999934e+00	1.164329603999999962e+00	1.810587899999999972e-01	-2.306626504000000022e-01	3.551698978000000229e-01	-1.807039695999999918e+00	-9.304644824000000147e-01	-6.755771928999999565e-01	-4.875341228999999776e-01	1.152396333000000050e-01	2.845217755000000182e-01	-2.706107858999999838e-01	1.686979903999999975e+00	-1.476240723999999949e+00	1.189371479999999925e+00	-7.308564950999999477e-01	-2.070648954999999791e+00	-5.166482956000000293e-01
1.394713423000000008e+00	1.019072618999999902e+00	1.102715072000000074e+00	1.147569119999999998e+00	6.494677516000000317e-01	1.097621685000000014e+00	-5.557998362999999609e-01	-1.493338854999999965e+00	-4.020696532999999961e-01	-5.319189260000000141e-01	7.154751923000000069e-01	-1.299092740999999940e+00	1.838395431999999996e+00	1.880122212999999973e-02	9.100087483000000033e-01	-1.675457447000000100e+00	6.906862454999999901e-02	-4.026537915999999773e-01	3.388211077000000127e-01	-1.248381791999999990e+00
1.425663872999999970e+00	9.694136458000000012e-01	1.080992458999999961e+00	1.155274153999999998e+00	4.356169182999999889e-01	8.814468762999999596e-01	-4.180124109000000199e-01	-1.300940438000000032e+00	-1.768865323000000100e-01	-1.878470573000000088e-01	1.471535166000000061e-01	-1.224364285000000052e+00	1.732012104000000052e+00	5.183900895999999925e-01	1.053765888000000039e+00	-1.134442450999999963e+00	-7.705653841999999809e-01	-1.118278922000000009e-01	1.531178776000000075e-01	-9.136377387999999877e-01
1.479561944999999934e+00	1.019140581000000045e+00	1.082788494000000101e+00	1.077941150000000015e+00	2.758100497000000040e-01	1.115078357000000020e+00	-7.447672252999999465e-01	-1.247332544000000043e+00	5.453094348000000341e-02	-3.674273419999999901e-01	2.604663118000000166e-01	-2.151577411999999967e+00	1.138706380999999990e+00	1.690641172000000025e-01	6.870857845000000186e-01	-1.533815278000000060e+00	-5.809292863999999668e-01	4.659147661999999968e-01	2.469220567000000033e-01	-1.187957801999999896e+00
1.396685077000000108e+00	9.754920471000000370e-01	1.050481441999999932e+00	1.103367938999999964e+00	4.078101566999999816e-01	1.087784128000000017e+00	-5.804296357999999545e-01	-1.624618324000000058e+00	-1.395666849999999959e-01	-6.679416205000000550e-01	7.770953261000000667e-02	-1.048952697999999906e+00	6.400124949000000063e-01	1.179066482000000082e+00	2.347617252000000140e-02	-7.372144054000000502e-01	-4.288126939999999943e-01	-6.241466984000000329e-01	-1.786760417000000101e-01	-7.392217734999999568e-01
1.364038639000000108e+00	9.911961473999999495e-01	1.100691102999999949e+00	1.173820086000000096e+00	5.475291622000000302e-01	8.677012002999999751e-01	-3.663434272000000158e-01	-1.450047738000000086e+00	1.064708041999999980e-02	-6.819423905000000508e-01	6.953455189999999675e-01	-1.402052947999999910e+00	1.284733211999999902e+00	3.766727629000000133e-01	-4.954103536999999724e-01	-9.224656152000000331e-01	-4.712804861000000067e-01	-9.050227105000000494e-01	2.660585193000000181e-01	-8.201365935000000107e-01
1.346197110999999946e+00	1.003418858999999941e+00	1.097755151999999956e+00	1.119029534000000048e+00	5.314684672999999693e-01	8.256376150999999997e-01	-3.522372348999999736e-01	-1.458495843999999986e+00	-1.570291198000000124e-02	-7.617365821999999564e-01	5.148659638000000482e-01	-1.385023719000000098e+00	1.536106986000000063e+00	5.721812290000000134e-01	-7.847834698000000220e-01	-4.398725656999999956e-01	-1.355175403000000056e+00	-6.476871994999999771e-01	3.161623970999999922e-01	-6.379663957000000218e-01
1.357428445000000039e+00	1.011145747999999900e+00	1.160731036000000049e+00	1.090151794999999924e+00	5.717459568999999631e-01	6.509479161000000236e-01	-4.020977451000000147e-01	-1.042092932999999944e+00	1.749091021999999995e-01	-4.356644728999999883e-01	8.313044050000000240e-01	-1.832297118000000058e+00	1.716978337000000021e+00	-1.484206560999999994e-02	-7.913435179000000153e-01	-5.211879882000000075e-01	-1.223357983999999954e+00	4.148773891000000213e-02	3.724667872999999907e-01	-6.518640874000000140e-01
1.386989990000000006e+00	1.011279432999999894e+00	1.122585492000000018e+00	1.065935846999999992e+00	6.211941408000000164e-01	9.465086671000000340e-01	-5.533000087999999650e-01	-1.333787139000000010e+00	4.727247200999999954e-01	-2.645788893000000086e-01	1.058931403000000104e+00	-1.477517340999999984e+00	1.140741881999999929e+00	8.551759586999999607e-01	-8.893140749000000289e-01	4.040543467999999777e-02	-1.541022223999999996e+00	3.187007082000000158e-01	1.345588634999999866e-01	-4.862666590999999983e-01
1.325548893999999978e+00	9.943729550000000028e-01	1.170334831999999992e+00	1.228087109999999926e+00	6.502672470999999454e-01	4.620509798999999918e-01	1.470653262999999933e-01	-1.255437176999999904e+00	1.763865691000000013e-01	2.236680979000000014e-01	1.317260407000000022e+00	-9.526711742000000260e-01	1.298165173999999977e+00	6.410084910000000136e-01	-5.625041795999999872e-01	-8.083362603999999507e-01	4.652090011000000191e-01	-7.306449318000000082e-01	-3.010205864000000120e-01	-7.829267252999999593e-01
1.367633396000000001e+00	9.654683645999999619e-01	1.156474017999999937e+00	1.349317163000000042e+00	6.866830898000000349e-01	9.341204484999999780e-01	-7.048125030999999319e-02	-5.229432760000000124e-01	-1.519378799999999974e-01	2.848293778000000054e-01	1.406983510999999964e+00	-5.495616402999999872e-01	9.214501229999999543e-01	-3.846619196000000129e-01	-5.827364467000000214e-01	-2.622349965999999810e+00	2.057561708999999794e+00	6.485541922999999986e-01	-5.829657234999999771e-01	-1.415627396000000093e+00
1.300115295999999976e+00	9.660387465999999979e-01	1.125203208000000066e+00	1.208661068000000061e+00	8.965460305000000352e-01	8.131608729000000535e-01	-2.483222174999999976e-01	-8.279953946000000453e-01	3.206149990000000116e-01	-1.537180753000000066e-01	1.779639594000000047e+00	2.717547218000000058e-04	-5.498246065000000210e-02	4.107215666999999848e-01	-8.084628125999999970e-02	-5.744435257000000128e-01	7.484105218000000059e-01	1.449410603000000020e+00	-1.844665011000000132e-01	-1.208561097999999889e+00
1.317654518000000108e+00	9.888779000999999846e-01	1.129036472999999985e+00	1.344806466000000089e+00	9.806145823999999900e-01	1.176417722999999915e+00	1.073881896000000030e-01	-1.347662769000000038e+00	7.759416549000000551e-02	7.162990123000000375e-01	2.057178605999999910e+00	6.085604574999999711e-02	1.174438893999999900e+00	1.039956015000000011e+00	6.399657756000000086e-01	-1.455167588999999984e+00	4.273404088000000156e-01	-2.872615208000000031e-01	-1.954369440000000013e-01	-9.948483656000000064e-01
1.235765899000000001e+00	9.485776106000000096e-01	1.044328476000000006e+00	1.277499962999999905e+00	5.499104689999999573e-01	9.132485823999999530e-01	-1.422622384999999989e-01	-3.002079201000000253e-01	5.486459832000000203e-01	-1.717968857000000127e-01	2.288160312000000030e+00	-4.286576639999999938e-01	1.037234272999999929e+00	-8.082490066999999945e-01	1.551935824000000075e+00	2.372216115999999930e-01	1.002653819000000057e+00	1.104096557000000089e+00	-5.847881248999999837e-01	-1.146696426000000102e+00
1.336025567000000080e+00	9.752120380000000033e-01	1.149423912000000048e+00	1.320575912000000018e+00	8.670940746999999948e-01	1.087792147999999903e+00	2.539777576000000203e-01	-6.660170830999999625e-01	7.940466725000000503e-01	4.569164425999999724e-01	2.282074044999999884e+00	5.677496162000000152e-02	1.593617891000000120e-01	5.805983800999999778e-01	1.418603908999999996e+00	7.461193631000000437e-01	1.031250022000000044e+00	1.345825390999999982e+00	-8.726513500999999451e-01	-8.025533092000000090e-01
1.229558074999999917e+00	9.722760150999999462e-01	1.092472848000000107e+00	1.293376269999999995e+00	1.025336119999999962e+00	1.540339780999999908e+00	4.378469422999999860e-01	-1.029359837000000111e+00	3.649058453999999840e-01	2.524730861000000215e-01	2.285211175000000150e+00	1.278777209999999998e-01	1.054183781000000097e+00	-1.151013459999999933e-01	8.841778711000000124e-01	2.144163350000000134e-01	9.883341540000000203e-01	5.235704317999999996e-02	2.190492076999999982e-01	-4.496233782999999873e-01
1.291225027999999941e+00	9.294034303999999524e-01	1.124611288000000098e+00	1.286814601999999974e+00	6.195740775000000422e-01	1.921033715999999947e+00	1.887323560999999983e-01	-1.981123153999999886e-01	5.911862747999999668e-01	-7.287911809999999581e-03	2.177084298000000029e+00	-6.528850029999999638e-01	1.023913816999999948e+00	-5.153648533000000365e-01	7.781318829000000159e-01	5.505843015000000396e-01	8.192609623000000063e-01	1.217851551000000088e+00	-7.759521070999999548e-01	-7.676298244000000492e-01
1.220594299999999910e+00	9.212502099999999583e-01	1.001657752999999929e+00	1.206522389000000084e+00	3.730321523999999833e-01	1.769960782000000066e+00	-3.417922467000000103e-02	-1.090752353000000063e+00	1.913300229000000074e-01	-7.010928438000000318e-01	1.675991620000000015e+00	-4.295896611999999726e-02	-1.910351476000000104e-01	-6.219729304999999792e-02	4.241249002999999962e-02	1.701299681000000008e-01	5.490251319000000185e-01	-9.979652182000000454e-03	1.232745081999999937e-01	-2.372039250999999904e-01
1.134766729999999946e+00	8.817043198999999776e-01	1.054677668000000068e+00	1.281918582999999945e+00	-1.585868216000000108e-01	1.691517941999999941e+00	9.682904708999999499e-02	-5.994025392999999813e-01	-3.951672721999999749e-01	-9.190213519000000053e-01	6.046835825999999914e-01	-2.839893180999999989e-01	3.793565957000000211e-01	-6.766596316999999861e-01	-8.351479952000000484e-01	1.293105760000000104e-01	1.895880738000000065e-01	-5.970409520999999664e-01	-5.720324918000000425e-01	-4.128085877000000070e-01
1.102118254999999936e+00	8.557021122000000313e-01	9.230187068999999855e-01	1.182966485999999984e+00	-6.963973775999999782e-01	1.216066743000000061e+00	-7.957620497999999820e-01	-6.088637960999999654e-01	-5.549679128000000183e-01	-1.409226072999999912e+00	3.152328524999999937e-01	-5.044205372000000187e-01	-3.653224764999999929e-01	-8.031314431999999615e-01	-1.451755552000000060e+00	-2.472068290999999973e-01	8.025599439000000168e-02	-5.556789944000000148e-01	1.626514487999999869e-01	-4.032941235999999985e-01
9.534523854999999992e-01	8.053408713999999913e-01	1.017189426000000063e+00	1.229247717000000018e+00	-1.196413514000000067e+00	7.570279318000000535e-01	1.993178801000000111e-01	-1.091450694999999971e-01	-1.985913739000000067e-01	-1.898198456000000034e+00	-2.285156936000000139e-01	-2.486143328000000041e-01	-9.155838066999999469e-01	-2.027927507999999879e+00	-9.637684100000000198e-01	2.868441958000000014e+00	4.670599929999999858e-03	-6.201597804999999797e-01	-2.430345389000000189e+00	2.374526083000000065e-01
1.092609028999999898e+00	8.238591572000000252e-01	9.673512384000000353e-01	1.275766565999999935e+00	-1.283313114000000033e+00	9.304848208999999537e-01	-2.253662613999999897e-01	-5.630737694999999876e-01	-7.523742244000000134e-01	-1.864541358000000093e+00	-6.365776395000000143e-01	-3.914550517000000007e-01	-9.502254752000000027e-01	-1.349094634999999931e+00	-1.354562304000000106e+00	8.579316327999999547e-01	-1.147296905999999929e-02	-4.150265998000000067e-01	-1.087366537999999938e+00	-3.834097094999999733e-01
9.920419087999999830e-01	8.585199566000000226e-01	9.889547616999999624e-01	1.347921297999999934e+00	-8.569724966999999749e-01	2.084136024999999892e-01	-4.922043924000000237e-01	-8.957643444999999760e-01	-8.776633724000000303e-01	-1.336662717999999916e+00	-3.450351701000000104e-01	-3.338572773999999854e-01	-1.565251576999999950e+00	-7.845253990999999649e-01	-1.288460845999999993e+00	-3.178850316999999870e-01	-8.008554487000000277e-01	-1.017473815000000004e+00	2.285119741999999954e-01	-9.167523078000000547e-02
1.001679914999999976e+00	7.703864669000000109e-01	8.310223890000000280e-01	1.299413407000000076e+00	-1.365995985000000079e+00	1.751541725000000049e+00	-4.289483231999999813e-01	-9.284824725000000445e-01	-8.871606855000000458e-01	-1.712919936000000032e+00	-7.612450325999999823e-01	-1.774491690999999843e-02	-1.100366205000000042e+00	-2.497102507000000138e+00	-1.045978733999999966e+00	-2.244603389000000004e-01	1.847997029000000152e-02	-1.014954807000000070e+00	-8.779367765000000157e-01	2.718971192999999897e-02
9.077391207999999656e-01	7.166253734999999958e-01	8.476131990999999921e-01	1.326107294000000048e+00	-1.754622262999999904e+00	1.316052302999999979e+00	-1.248507846000000088e+00	-1.045671832000000023e+00	-1.573445696999999921e+00	-2.850752243000000075e+00	-1.451255694000000096e+00	-1.429819506999999990e-01	-1.847306743999999945e+00	-1.893192372999999984e+00	-2.242220657999999922e+00	-6.132743391999999627e-01	-6.146006165999999826e-01	-2.019003226000000151e+00	-7.855413675000000318e-01	-1.224234247999999914e+00
8.463252213999999940e-01	7.562667068999999742e-01	8.567181725000000414e-01	1.250118220000000058e+00	-1.846141615000000069e+00	4.061075510000000111e-01	-1.784026370000000083e+00	-6.832884503999999692e-01	-1.624254588999999971e+00	-2.589465265999999932e+00	-1.239796311999999956e+00	-6.239060355000000113e-01	-1.620795793999999956e+00	-1.644046480000000088e+00	-2.065869692999999785e+00	-8.251168121999999938e-01	-7.539067267000000294e-01	-2.110273169000000060e+00	-1.168729136999999974e-01	-1.248061550000000075e+00
8.365934622999999792e-01	7.778878792000000209e-01	8.572490099999999780e-01	1.237125304999999953e+00	-2.010029620000000072e+00	1.530504857999999968e-01	-1.907839166000000031e+00	-3.227585633000000231e-01	-1.422365410000000052e+00	-1.879803863000000019e+00	-9.126994226000000321e-01	-6.298468131000000136e-01	-1.632340590999999952e+00	-1.378216115000000075e+00	-1.924040535000000052e+00	-8.564551109000000384e-01	-8.483134318999999701e-01	-1.773653649999999971e+00	-3.623720916000000014e-01	-1.055318210000000034e+00
8.950453798999999933e-01	8.432428740999999839e-01	8.938160185000000313e-01	1.255675885000000047e+00	-1.948583914000000084e+00	1.217634110000000019e-01	-1.900794040999999934e+00	-3.730183792999999803e-01	-1.277886524999999995e+00	-1.174940432000000090e+00	-3.912724499999999939e-01	-8.963848708999999637e-01	-8.854485448000000147e-01	-1.195626719999999921e+00	-1.520527463999999940e+00	-9.376383285999999595e-01	-7.455887491999999561e-01	-1.352331495000000050e+00	-1.270672500000000031e-02	-1.182327230000000062e+00
9.207719412999999520e-01	8.497997696000000323e-01	8.693506113000000202e-01	1.101381653000000016e+00	-1.773955366999999894e+00	3.203156325000000026e-01	-1.898232855999999913e+00	-4.204106007000000256e-01	-9.408933978000000309e-01	-1.350661660999999958e+00	-2.537007953000000038e-01	-6.067235447000000059e-01	-1.182124063999999919e+00	-8.746097911000000336e-01	-1.271944562000000056e+00	-6.717123382999999615e-02	-6.935427939999999625e-01	-8.357617508000000361e-01	-4.119737025999999913e-01	-1.240104601000000084e+00
8.846669061999999917e-01	8.292274886999999595e-01	8.784684516999999859e-01	1.185899108000000091e+00	-1.403197272000000106e+00	3.740879731999999791e-01	-1.837567718999999933e+00	-7.293168600999999640e-01	-8.306740217000000426e-01	-1.593718635999999966e+00	3.094378681999999936e-02	-5.727755315000000458e-01	-1.250037561999999935e+00	-7.872742140999999805e-01	-1.087225665000000063e+00	-3.365038989999999952e-01	-6.421867444000000091e-01	-1.079193977000000082e+00	1.301628821999999963e-01	-1.023979372999999971e+00
8.363112569999999746e-01	8.062458354999999521e-01	8.697043325000000102e-01	1.201523418000000065e+00	-1.386624502999999953e+00	4.422892849999999765e-01	-1.800765581999999920e+00	-5.929242882999999908e-01	-1.030988546999999977e+00	-1.421962576999999950e+00	-4.017521198999999821e-01	-2.961942775999999999e-01	-1.761614659999999999e+00	-9.348143220000000309e-01	-1.314539281000000059e+00	-4.476452222999999786e-01	-6.220657719000000085e-01	-1.404887911000000100e+00	-2.469834786000000004e-01	-5.506996079999999516e-01
8.290347432000000349e-01	8.765830095000000100e-01	8.732089134999999613e-01	1.175564314999999915e+00	-1.252232577000000013e+00	-3.953943107999999956e-02	-1.598926193999999912e+00	-9.152276068000000375e-01	-9.065649085000000440e-01	-1.072829685000000088e+00	7.928568081999999573e-02	-3.838015916999999999e-01	-1.129588929000000075e+00	-1.081004304999999999e+00	-8.914602698000000380e-01	-6.427993386000000475e-01	-1.023848064999999946e-01	-1.571420280999999974e+00	2.795402211999999942e-01	-5.554743242999999886e-01
8.478552000000000310e-01	8.142244341000000052e-01	8.237569957000000498e-01	1.169845734999999998e+00	-1.381079026999999959e+00	3.990667820000000088e-01	-1.864525554999999946e+00	-8.205902188999999458e-01	-7.414261613000000528e-01	-1.378123007999999983e+00	1.518589126000000067e-01	-6.862871539999999826e-02	-1.319498990999999899e+00	-1.027590490999999995e+00	-1.276218246000000001e+00	-5.956042695000000053e-01	-3.918717326999999750e-01	-1.441793886999999996e+00	-5.787290320000000321e-01	-6.696948521000000154e-01
8.126877734999999880e-01	8.464762960999999697e-01	8.711677485000000054e-01	1.219064203999999929e+00	-1.238076621999999904e+00	-1.475194505999999905e-01	-1.669236106999999913e+00	-9.354301575000000257e-01	-1.065859319000000083e+00	-1.202036042000000027e+00	-1.601505369000000012e-01	-2.847934355000000251e-01	-9.271152438999999967e-01	-1.180212140999999937e+00	-6.576387200000000099e-01	-7.470305600000000101e-01	-1.772113492000000059e-03	-2.074382014000000218e+00	-9.293039258999999386e-02	-2.137218023000000133e-01
7.926251726999999914e-01	7.691220289000000321e-01	8.041776300999999849e-01	1.130641674999999902e+00	-1.138528532000000038e+00	2.055306771000000032e-01	-1.932300035999999999e+00	-1.802553571999999937e-02	-5.806396232999999629e-01	-1.033597510999999969e+00	-6.706331559000000553e-01	-3.708954163000000026e-02	-7.575045645000000327e-01	-2.082126204000000147e+00	-7.940039775999999661e-01	-5.500714515000000304e-01	2.033344076000000111e+00	-6.441776887000000285e-01	-1.494524865999999896e+00	2.820126369999999966e-02
7.252641780999999899e-01	8.079479903999999824e-01	9.071591660000000168e-01	9.822713883999999451e-01	-5.171033000000000435e-01	1.314854108000000077e-01	-1.925753714000000061e+00	2.881376332000000137e-03	-2.778498274000000268e-01	-1.344317586999999925e+00	-2.519779838999999799e-01	-8.947233132000000522e-04	-1.491290873000000072e+00	-1.565415860000000103e+00	4.102115177999999807e-01	8.387100422000000055e-01	2.125880537000000015e-01	1.900793334000000154e-02	-8.113050832000000545e-01	-5.247813847000000198e-01
6.870068902999999505e-01	7.996562831000000315e-01	8.962936233999999613e-01	8.509197220999999978e-01	-3.721122481999999954e-01	7.660233533000000428e-01	-1.990662217999999983e+00	-1.366379016000000002e-01	-3.407352878000000085e-01	-1.332176118000000020e+00	-2.896515719000000155e-01	3.536792376000000293e-02	-1.276216280999999952e+00	-1.393492447999999939e+00	1.969481412999999903e-01	7.917071317999999636e-01	2.979972524999999761e-01	-3.894429663000000263e-01	-6.013908757999999466e-01	-2.266658192999999877e-01
5.384763318999999937e-01	8.010036088999999970e-01	9.220640919999999463e-01	5.821187142999999509e-01	-2.767577551000000025e-01	3.884899434999999901e-01	-2.287380949000000108e+00	-7.955033129999999897e-02	-9.339895225000000023e-02	-1.073197211000000095e+00	-3.904004974999999988e-01	-9.704287262999999192e-03	-1.319852545000000044e+00	-1.617523003999999931e+00	-2.763526076999999748e-01	4.031338710999999853e-01	7.100274923999999599e-01	-4.413402486999999930e-01	-1.131061314999999984e-01	4.367541650000000275e-01
5.003200705000000470e-01	8.160307436999999497e-01	9.684919116000000328e-01	6.081969628000000183e-01	3.032272417999999914e-01	4.544130945000000033e-01	-2.055711765999999940e+00	-1.348272805000000074e-01	2.653602463999999994e-01	-9.359652193999999925e-01	3.647256565999999756e-02	6.937974966000000077e-01	-1.163126290999999979e+00	-1.232505326000000068e+00	-5.214895628000000283e-01	5.988190342000000443e-01	1.231893740999999987e-01	-4.792697340999999694e-02	-2.253555589000000026e-01	7.174336422999999519e-01
4.904968425999999826e-01	8.121399240000000130e-01	9.102500183999999717e-01	4.995827287999999866e-01	1.483877594000000133e-01	1.010647057999999987e+00	-2.012976414000000158e+00	-3.058054030999999839e-01	3.216873087000000075e-01	-7.409278481000000083e-01	2.613454870999999957e-01	4.815992521999999942e-01	-3.158770449000000147e-01	-1.561895467999999898e+00	-5.716914111999999992e-01	7.806486719999999879e-01	5.375845753000000338e-01	-2.331144306000000055e-01	-2.549952334999999737e-01	7.158889938000000397e-01
4.474139254999999760e-01	8.020078968999999613e-01	9.026525535999999628e-01	3.794790192999999978e-01	9.853539343000000672e-02	8.029558739000000056e-01	-1.989367351999999922e+00	3.132942850000000057e-01	6.569787019999999700e-01	-5.595911325000000325e-01	1.679192079999999865e-01	7.751036030000000299e-01	-4.435830662999999952e-01	-1.171191117000000004e+00	-6.265188771999999906e-01	6.438822359000000439e-01	6.886448034000000051e-01	5.370661173999999871e-01	-1.232552410000000043e+00	7.290032645999999783e-01
3.451747951999999953e-01	8.418020677999999979e-01	9.372322822999999969e-01	-2.681347861000000013e-02	2.779441635000000077e-01	6.130301894999999890e-01	-1.526870895000000061e+00	-1.876702243999999950e-02	8.605626573000000334e-01	6.955718744999999682e-03	4.803029122999999956e-01	7.188064878000000046e-01	-3.496811005000000083e-01	-9.911318894999999740e-01	9.972098368999999796e-01	9.412237961999999625e-01	5.136214720999999761e-01	3.444048645000000186e-01	-4.751646474999999814e-01	5.449172380000000260e-01
3.367058379999999795e-01	8.352999407000000209e-01	9.361620551999999540e-01	1.014730494999999955e-01	6.583111377000000486e-01	7.626760283000000307e-01	-1.180061196000000034e+00	3.387629514000000119e-01	1.232146721999999972e+00	2.045293417999999863e-01	7.469570188999999916e-01	1.177609217000000097e+00	-3.331906574999999870e-01	-5.655530667999999483e-01	1.086693641999999960e+00	4.216818063000000172e-01	7.994473055999999911e-01	7.251174057999999478e-01	-5.981541446000000484e-01	5.407543951000000071e-01
3.345252311999999950e-01	8.326121200999999639e-01	9.513466597999999941e-01	4.846016983999999750e-02	5.657067763999999999e-01	9.037868372999999789e-01	-9.669018826999999927e-01	-3.085230004000000248e-01	1.174590400000000034e+00	1.097075539000000044e-01	8.441335223000000498e-01	6.820844029999999503e-01	-4.936964051000000131e-01	-1.174868298000000033e+00	6.864641576000000134e-01	6.538169658000000384e-01	7.850751162000000338e-01	2.576839177999999952e-01	-7.568340536999999812e-02	7.913269505000000148e-01
3.017801399999999745e-01	7.943553747999999581e-01	9.534980510999999659e-01	1.770274323000000094e-01	9.135845943000000524e-01	9.975494537000000328e-01	-9.215625667000000298e-01	5.263212566999999620e-01	1.346516685000000102e+00	-3.433496926999999865e-01	6.037769345000000287e-01	1.518913080999999998e+00	-4.034543589999999846e-01	-3.574074866999999989e-01	3.873633400000000004e-01	8.939196735000000116e-01	7.811365826999999706e-01	9.323131082000000180e-01	-1.082549317000000011e+00	6.714396628999999561e-02
2.987867800999999823e-01	9.100144104999999817e-01	9.379428440999999506e-01	-2.260321660000000066e-01	4.678363349999999921e-01	7.861183865999999965e-01	-5.471402291000000417e-01	-1.801489769000000019e+00	9.932781734000000196e-01	3.257161230999999768e-01	1.403948332999999993e+00	4.859689001999999841e-02	-4.780062447999999797e-03	-2.154319424000000094e+00	1.013481356000000000e+00	1.064736488000000092e+00	2.589371475000000089e+00	-1.609860387999999976e+00	2.630352878000000172e-01	1.343689973999999898e+00
-4.774227312999999862e-03	5.654876681999999599e-01	5.949849119000000242e-01	1.995351542000000089e-01	6.508704590999999651e-01	5.285934758000000455e-01	-9.728600186999999955e-02	-1.778820198000000019e+00	1.478617435000000091e+00	8.887190944999999731e-01	8.590643029000000208e-02	-1.072176545000000036e+00	-1.126263742000000040e-01	-8.315071975000000171e-01	3.330153645000000218e-01	-4.228607072000000189e-01	1.678102701000000030e+00	-1.041234331999999929e+00	-7.823958614000000367e+00	-8.639071135000000456e-01
-1.438530279999999939e-01	5.652892000000000472e-01	5.259716657999999878e-01	1.754841889000000044e-01	1.526897544000000106e+00	3.690068083999999971e-01	5.008087645000000032e-01	6.734035016999999623e-01	2.606809483999999788e+00	1.547378778999999871e-01	1.679238636000000007e-01	1.925596504000000042e+00	7.076265944999999835e-01	6.550627078999999853e-01	1.561607161999999938e-01	-1.539549123000000019e+00	1.457057519999999995e+00	2.270644181000000206e+00	-1.707385616000000050e+00	-2.213852825000000024e+00
-1.184577707000000063e-01	6.322227410999999853e-01	5.336326478999999789e-01	-5.672329591999999976e-02	8.379499911000000134e-01	1.659017554000000061e+00	2.818347676999999885e-01	-5.802061080999999509e-01	2.186028751999999908e+00	9.995288795000000226e-01	4.032429960000000202e-01	5.466629871999999501e-01	1.462660595000000008e+00	-3.495021470999999658e-02	1.028986063999999923e+00	2.892406934999999790e-01	8.247490400000000443e-01	-4.972674751000000226e-01	1.196996818999999990e+00	-9.800448950000000270e-01
-1.518450231000000039e-01	6.145875030999999877e-01	4.680452111000000248e-01	1.789332019999999995e-02	7.477343177999999924e-01	1.028688813000000035e+00	-6.875569896000000014e-02	3.997643812000000185e-01	1.895596870999999961e+00	3.113150778000000063e-01	-2.253073290000000006e-01	9.682319533000000034e-01	6.670933368999999447e-01	1.994694710000000093e-01	6.305029337999999983e-01	-7.540868603999999475e-01	7.761104954999999972e-01	2.243258243000000041e-01	-3.514323026000000239e-01	-1.290890537999999976e+00
-2.168620541000000068e-01	5.675823674000000096e-01	4.014676052000000217e-01	-1.969947548000000083e-03	5.259370839000000464e-01	7.772831221999999540e-01	-8.275946182000000484e-02	-2.304825389999999863e-01	1.799351227999999914e+00	8.718991149000000496e-01	-4.902071139999999994e-02	3.786153138000000196e-01	9.555287454999999985e-01	3.014371070999999902e-01	1.004922050000000011e+00	-5.316297104999999634e-01	5.675465364999999762e-01	-3.776169122999999961e-01	7.226949872000000274e-01	-1.082429491000000077e+00
-2.880837910999999862e-01	4.782315685999999899e-01	2.257229722000000105e-01	-1.230096754000000042e-01	1.529371674999999986e-01	7.802431865000000188e-01	1.006022022000000044e-01	1.280017890000000047e-01	2.075484084999999812e+00	-2.191127261999999964e-01	2.736288490999999948e-02	4.762632849999999807e-01	5.226114416999999568e-01	6.284332741999999472e-01	8.453173092000000333e-01	-3.207039412000000089e-01	1.039624166000000072e+00	5.454612774000000552e-01	-2.892136437999999754e-01	-7.601365900000000009e-01
-4.563267760999999978e-01	3.296893891000000076e-01	1.130250000999999949e-01	-5.178591686999999694e-02	7.788779090000000349e-02	4.804218433999999927e-01	4.793708134999999926e-01	-5.397695580000000382e-01	1.516702250999999890e+00	3.369110143999999862e-01	-2.846490279000000179e-01	-1.025042556999999910e+00	1.241190814999999947e+00	1.431984168000000057e+00	6.522385270999999651e-01	3.767776435999999896e-01	2.374343416999999956e+00	-2.306431250000000044e-01	8.111515844000000142e-01	-1.792725796000000094e-01
-4.238490411999999985e-01	3.248752074999999850e-01	1.413263928000000058e-01	1.746399352000000127e-01	3.054915047000000272e-01	4.234919232000000089e-01	3.717886938000000141e-01	-7.249935413999999967e-02	1.633892743000000092e+00	4.504042598999999925e-01	-5.484991206999999536e-01	-3.589466913000000092e-01	1.343989880000000081e+00	1.753072452999999919e+00	2.651928599000000220e-01	4.198892466999999962e-01	1.778470167999999907e+00	1.480288684999999937e-01	8.216336771000000427e-02	4.628544379999999792e-01
-4.028492974999999809e-01	3.340976551000000017e-01	1.373402479999999981e-01	1.555792977000000077e-01	3.742675483999999830e-01	4.955526679000000212e-01	4.183726888000000033e-01	-1.287087021999999970e-01	1.658536532000000063e+00	7.398777919000000258e-01	-2.341453638999999864e-01	2.985780306000000023e-02	1.627312885000000042e+00	1.845205849999999925e+00	5.819610892000000035e-01	4.013146275999999735e-01	1.449779651000000058e+00	-4.012462765000000126e-02	3.119822989000000102e-01	-1.448766619000000089e-01
-4.466196588999999939e-01	2.467661431000000016e-01	-9.397944037000000028e-02	1.101725127999999970e-01	3.262835989999999797e-01	4.292283534999999928e-01	2.171484110999999939e-01	-3.506303038999999955e-01	1.466501032999999898e+00	4.337948073999999821e-01	1.003360739999999973e-01	7.271058114999999489e-02	1.772257447000000097e+00	1.491502692000000074e+00	4.343951086999999767e-01	-1.507163860999999883e-01	2.430384677999999798e+00	1.145079855000000091e+00	3.926266672000000013e-01	1.046907727000000010e+00
-6.932714026999999835e-01	2.850895202999999961e-02	-1.985995597999999918e-01	-4.924450215000000242e-01	6.802221532000000126e-01	-6.761814770000000585e-02	1.583287064000000077e+00	-2.301372984000000024e-02	1.411863970999999995e-01	7.101137161999999670e-01	6.574156134999999956e-01	-4.423170735999999992e-01	1.494425115000000082e+00	1.404379598000000007e+00	1.289050942999999894e+00	-6.225450770999999550e-01	1.693355412999999920e+00	1.155348876999999996e+00	5.295348378999999994e-01	6.482208039000000310e-01
-6.196423347999999720e-01	4.780713397999999947e-02	-1.669241083999999931e-01	-1.881899978000000084e-01	1.016189079999999967e+00	7.092663875000000395e-01	1.367789750000000026e+00	-3.467486216999999815e-01	5.291003412999999850e-02	1.006695729999999900e+00	6.453848461000000203e-01	3.406924622999999985e-01	1.120675641999999916e+00	2.415309977999999802e+00	1.789678260999999937e+00	-6.113570151999999647e-01	4.698343292000000115e-01	1.054489706000000027e+00	9.433625489999999947e-03	1.119380943999999989e+00
-6.623269111999999792e-01	3.206276447000000040e-03	-3.119058013000000074e-01	-4.196367673999999992e-01	5.609749017999999809e-01	6.401691801000000126e-01	1.391166455000000024e+00	-1.188272456000000060e-01	2.235523567999999905e-01	2.089268008000000065e-01	8.689584100999999672e-01	-2.179207932999999986e-01	1.227200239999999942e+00	1.339852446000000086e+00	1.047590731000000108e+00	-6.325127553999999597e-01	6.010620089999999527e-01	1.101863607000000078e+00	3.281777488000000020e-01	1.348697124000000080e+00
-7.371972615999999867e-01	3.536719486000000027e-03	-2.553404298999999988e-01	-6.058707608000000189e-01	2.358382766999999880e-01	3.908756829000000210e-01	1.370215823999999971e+00	3.817053780999999923e-01	2.645497083000000194e-01	-4.042760584000000268e-01	8.198012461999999445e-01	-4.646183426000000116e-01	1.628241175000000096e+00	1.590940937000000055e+00	5.863111761999999505e-01	-4.592393875999999930e-01	-2.206891881000000097e-02	1.928943726000000025e-01	5.402016110999999787e-01	-8.390174166999999628e-01
-7.216385751999999654e-01	-2.029857673000000015e-02	-3.177686386999999946e-01	-6.541403287999999483e-01	-1.260077212000000058e-01	3.188761091999999797e-01	1.332640918000000063e+00	-7.820497947000000505e-02	-2.848111688000000072e-02	-7.677533810999999375e-02	6.199000045000000458e-01	-7.423112051000000378e-01	1.211193296000000030e+00	1.946071037999999920e+00	5.977870603999999588e-01	-6.225619231000000253e-01	1.021358299000000025e-01	3.670569887999999836e-02	4.313754839999999757e-01	6.735470916000000363e-01
-6.752357079999999900e-01	1.568277464999999829e-02	-2.926001575000000132e-01	-4.130799110000000218e-01	-4.493392675999999808e-01	8.059475074999999933e-01	1.172386037000000103e+00	-2.753729288000000275e-01	-2.419466428000000002e-01	-4.607946110999999734e-01	-1.275107052999999990e-01	-5.645103091999999906e-02	9.411844644000000315e-01	1.939175321000000007e+00	1.898406585000000091e-01	-4.223050494000000210e-01	7.881804070999999523e-02	-8.781162771999999617e-01	-3.139477353999999831e-01	7.233028220999999647e-01
-6.815955719999999829e-01	1.271865999999999969e-02	-2.562304724999999728e-01	-4.961056376999999906e-01	-7.400839913000000214e-01	4.336241012000000006e-01	9.754042184000000226e-01	-9.686306556000000290e-02	-6.199268739000000084e-01	-6.586607243000000000e-01	-1.053649075000000046e+00	-4.147469406000000025e-01	1.399522278999999925e+00	9.032918895999999531e-01	-3.875053591000000019e-01	-6.225688762000000098e-01	-2.649176414000000146e-01	-6.270454857999999687e-01	6.769463235999999551e-01	2.279979017000000052e-01
-7.168773807999999637e-01	-8.698400823999999365e-02	-4.302833353000000138e-01	-7.085089077999999763e-01	-1.157974115000000026e+00	-1.202784846000000060e-02	8.955392935000000554e-01	3.055660519000000241e-01	-6.001490856000000207e-01	-9.019239515000000429e-01	-6.809520229000000091e-01	-6.452766630999999808e-01	8.616690784999999631e-01	1.129731033000000107e+00	-5.112892048999999606e-01	-5.410191769000000095e-01	4.399740415999999765e-01	-1.330236730999999895e-01	2.788500246999999765e-01	-9.348375288999999366e-02
-7.337151204999999843e-01	-1.383149036000000109e-01	-5.122862875000000482e-01	-8.696928743999999822e-01	-1.531924104000000009e+00	-4.276253188999999677e-02	8.117307205999999553e-01	-1.021051218000000038e-01	-9.084935483999999617e-01	-7.112724018999999620e-01	-3.333962213000000174e-01	-8.956045742999999559e-01	4.647932832000000181e-01	9.948960352000000285e-01	-5.517031573999999772e-01	-5.565579332000000212e-01	-4.758650264000000019e-02	-1.736787472999999915e-01	1.752374401000000026e-01	-2.295829067999999862e-01
-7.265020906000000389e-01	-1.878281766999999880e-01	-5.202707473000000027e-01	-8.340260429000000419e-01	-1.481456780999999889e+00	-2.248076328999999984e-01	7.421490474999999920e-01	5.739090917999999791e-02	-1.065208836000000048e+00	-8.371374721000000019e-01	-7.955936162000000200e-01	-6.950557058999999871e-01	1.505605615000000022e-02	1.688364532000000029e+00	-8.021141486999999737e-01	-3.413406782999999778e-01	1.676872369999999890e-01	-4.819301805000000272e-01	-1.960686185999999942e-01	2.584160188999999885e-01
-7.234855009999999753e-01	-1.542960452000000093e-01	-5.229578954000000390e-01	-7.522998676000000051e-01	-1.374286523999999954e+00	-1.072185835000000059e-01	5.818438469000000168e-01	-2.393111347999999916e-01	-1.140625589000000106e+00	-1.175828453999999912e+00	-6.430612965999999986e-01	-9.335972548999999648e-03	6.283989557999999920e-02	1.631073800000000018e+00	-6.843273563999999753e-01	1.783806712000000072e-01	2.870663120999999984e-02	-9.904675577999999536e-01	-3.256588262999999817e-01	6.366876944999999566e-01
-6.824396531999999960e-01	-4.268674497000000262e-02	-2.854438087000000235e-01	-5.124332012000000214e-01	-1.376444505999999901e+00	-3.891124274000000161e-01	7.305839170000000271e-01	1.527223685000000108e-01	-1.031083750999999937e+00	-6.106913455000000379e-01	-1.077536644000000043e+00	-1.863658085000000075e-01	1.426402123999999993e+00	1.178855403000000024e+00	-7.742829722999999831e-01	-1.123009939999999984e+00	-4.476042932000000030e-01	-1.006158082000000009e+00	4.138962621000000230e-01	-2.369243019999999963e-02
-7.249424455999999850e-01	-1.458665433000000122e-01	-4.424238327000000193e-01	-7.167971677000000152e-01	-1.595645917999999996e+00	-1.987446016999999954e-01	6.800265710999999769e-01	1.682258087000000069e-01	-9.683568045999999541e-01	-7.612691165999999621e-01	-7.643715475000000259e-01	-5.208122241000000541e-01	8.051479174000000238e-01	1.076857524000000010e+00	-3.559804718999999840e-01	-9.353748576999999509e-01	1.418395506000000028e-01	-2.444943524000000035e-01	4.663391867000000190e-01	-6.497596987000000546e-01
-7.371920921000000293e-01	-2.155221850000000050e-01	-5.353028699999999862e-01	-8.034391959000000139e-01	-1.543354606000000073e+00	-3.816012865000000254e-01	6.310663060000000213e-01	2.407733432999999978e-01	-1.162280320999999894e+00	-6.929094716000000487e-01	-4.290131090000000036e-01	-4.116607629999999851e-01	1.607257011000000069e-01	1.269970221999999982e+00	-6.949766550999999515e-01	-7.536683577999999661e-01	2.034647114999999992e-02	-2.562127383999999730e-01	2.406334411999999923e-01	-8.004253847000000199e-01
-7.743741268999999594e-01	-2.577279946000000099e-01	-5.649435444000000528e-01	-7.856243199000000343e-01	-1.565687739999999994e+00	-4.491625629000000064e-01	5.880770569000000059e-01	2.564641672999999900e-01	-1.382414918999999909e+00	-2.432828977000000004e-01	-7.246348415000000154e-01	-7.433016186999999997e-01	-9.413479275000000840e-03	8.609081517000000128e-01	-6.142616174999999679e-01	-2.534731894999999735e-01	-3.493887380999999848e-01	3.453815245999999894e-01	1.539375785000000052e-01	-1.929698381999999934e-01
-7.539748239000000352e-01	-1.962568930999999961e-01	-4.929880781000000045e-01	-6.972490466999999859e-01	-1.241712550999999998e+00	-5.639987083999999928e-01	5.477974435000000364e-01	1.366623305000000121e-01	-1.461780598999999903e+00	4.569875278999999818e-02	-8.541929579000000494e-01	-5.270641414000000191e-01	3.337768896000000152e-01	1.225933898000000077e+00	-7.078783421000000020e-01	-7.431086882999999865e-01	-5.847934249999999778e-01	2.230715577000000061e-01	6.131877032000000449e-01	-1.026966046000000077e+00
-7.480356288999999714e-01	-2.181539704000000079e-01	-5.924687884999999543e-01	-7.975385475999999807e-01	-1.583671784999999943e+00	-2.614619664000000232e-01	4.162675187000000054e-01	1.937450306999999872e-01	-1.363402731999999951e+00	2.062654617000000135e-01	-6.999943938999999560e-01	-6.503949771999999463e-01	4.851043181999999954e-01	6.425181409000000343e-01	-6.275369148999999647e-01	-4.865036065000000187e-01	-1.959640078000000063e-01	4.771356017999999755e-01	3.874295814000000004e-01	-4.643484768000000207e-01
-7.967548317999999519e-01	-4.813230439999999777e-01	-7.376195733000000532e-01	-6.178351922000000496e-01	-6.442176751999999507e-01	-5.682138719999999532e-01	6.251561211999999701e-01	2.824796068000000049e-01	-1.943209940000000024e+00	5.489314336999999711e-01	-1.336711114999999950e+00	-6.774005405999999896e-02	-6.748329231999999900e-01	2.528914592000000017e-01	-1.038603310999999918e+00	3.532976956000000168e-01	2.392559466999999995e-01	6.144927486000000272e-01	-5.552239357999999569e-01	-6.403333286000000291e-01
-8.558386050999999828e-01	-6.352152352000000057e-01	-8.675143827000000307e-01	-8.251108110000000551e-01	1.496251391000000047e-03	-1.005022553999999957e+00	8.722894076999999635e-01	9.133456470999999910e-01	-1.833117137999999979e+00	2.771362950999999852e-01	-1.476173936999999992e+00	4.342634511999999836e-01	-1.200164776000000044e+00	-1.839510674000000012e-02	-7.009900200999999997e-01	4.231014341000000067e-01	8.119915387999999679e-01	1.073759122000000010e+00	-1.097624581000000016e-01	-1.475895548000000002e+00
-8.687141204999999644e-01	-6.983387971000000194e-01	-9.185496026999999675e-01	-8.779934817000000224e-01	-1.192938999000000000e-01	-5.600449387000000501e-01	5.379997761999999462e-01	1.129141052999999895e+00	-1.812011403999999937e+00	3.001154415000000242e-01	-1.324214014000000050e+00	2.204447730000000105e-01	-9.192108329999999494e-01	3.239248136999999667e-02	-7.672507335999999567e-01	9.811545852999999928e-01	8.221716426000000300e-02	1.897405443999999886e-01	-3.790182143999999871e-03	-1.167492710999999961e+00
-8.649483661000000323e-01	-7.175680295999999903e-01	-1.004783259000000095e+00	-1.028571506000000024e+00	-2.169568876999999896e-01	-9.229257803000000537e-01	4.001998310000000059e-01	1.039664018000000079e+00	-1.806528628999999997e+00	3.225916242999999906e-01	-1.227621045000000022e+00	3.604999657999999885e-01	-1.218355792000000104e+00	2.267336027999999892e-01	-9.158923017000000222e-01	5.418905701999999769e-01	-1.850263327999999985e-02	3.628488404999999917e-01	3.783483054999999817e-01	-6.478098023999999677e-01
-8.963837270000000190e-01	-7.439750402000000484e-01	-1.044777365999999930e+00	-8.832432991999999983e-01	-9.789699077999999832e-02	-1.303074257000000014e+00	5.031026056999999829e-01	6.881177231999999755e-01	-1.596477557999999908e+00	4.997361996999999945e-01	-1.060785829999999930e+00	7.790112895999999898e-01	-1.452029975000000084e+00	3.191289440999999782e-01	-6.741955552999999712e-01	6.954545319999999586e-01	2.425656484000000002e-01	4.981166030999999855e-02	5.855040745999999796e-01	3.823772620000000233e-02
-8.867331010000000235e-01	-8.160104213000000106e-01	-1.128753965000000026e+00	-9.414076000000000111e-01	4.547935421999999700e-02	-1.165507717999999970e+00	3.733870145000000029e-01	8.501397782999999819e-01	-1.392053457999999910e+00	6.044215764000000490e-01	-9.862947723999999639e-01	9.995477168999999940e-01	-1.000600852999999901e+00	-5.280344638999999729e-01	-8.924933359000000177e-01	3.527261052999999813e-01	1.587733830999999984e-01	6.265759265000000466e-01	1.357029671999999965e-01	-9.527709165999999341e-02
-9.014223058000000455e-01	-8.684912926000000200e-01	-1.139978181000000035e+00	-1.000398810000000083e+00	2.420735833999999864e-01	-1.447701152999999907e+00	4.470796016999999956e-01	1.637442233000000025e+00	-1.043560320000000097e+00	1.320806450000000076e+00	-3.913645686000000179e-01	7.970753415000000341e-01	-1.046694180000000030e+00	-1.678514731999999898e-01	-7.075052689999999922e-01	4.024465801000000065e-01	2.146537280999999964e-01	5.111651673999999534e-01	6.041491272000000176e-03	7.724833319000000420e-02
-9.156891178999999603e-01	-8.472018225999999874e-01	-1.094788391000000027e+00	-8.506975649000000361e-01	3.747484841000000011e-01	-9.452771264999999534e-01	6.921708936999999562e-01	1.494350046000000098e+00	-1.197256689999999901e+00	1.229945604000000081e+00	-3.262584561999999910e-01	5.239663426999999762e-01	-2.726543740999999854e-01	-2.366566139999999874e-01	5.699469953999999894e-02	3.378104157999999857e-01	6.169609728999999598e-01	9.965634330000000540e-01	-2.233446756999999949e-01	-8.259251769000000021e-01
-9.131400045999999993e-01	-8.220980252999999793e-01	-1.154504600999999964e+00	-9.705971181000000447e-01	7.179050630000000099e-01	-8.165165114000000335e-01	6.321156188000000009e-01	1.469386749000000103e+00	-1.004440712999999930e+00	8.210423535999999967e-01	-5.027208074000000249e-02	4.749121653999999748e-01	-8.470814482999999839e-01	3.664249977999999852e-01	3.177956455000000013e-01	1.031085943999999976e+00	5.691968623000000227e-02	6.122444771999999702e-01	1.854760699999999929e-01	-2.578027981000000080e-01
-9.218851751000000094e-01	-9.343961976000000336e-01	-1.242936488000000006e+00	-1.025123235999999993e+00	7.801988165000000031e-01	-1.461848864000000026e+00	4.890526716999999968e-01	1.565812132000000023e+00	-4.814698725000000068e-01	7.959864761999999594e-01	1.084372844999999946e-01	1.006846973000000034e+00	-7.702008706999999843e-01	-7.078969636999999683e-03	2.674013635999999972e-01	5.616360808999999454e-01	3.828051254000000014e-01	1.378498696999999940e+00	6.884237938999999799e-03	2.084998989999999885e-01
-9.423114863999999535e-01	-9.065163934000000090e-01	-1.139643806999999898e+00	-9.361575427999999643e-01	1.448205587999999988e+00	-1.444187823000000037e+00	1.137803726000000015e+00	1.243442088999999973e+00	1.893919805999999886e-02	1.932645997000000060e+00	8.596268848000000462e-01	1.136234898999999965e+00	-6.883506863999999670e-01	5.479685912999999742e-01	6.889986878999999620e-01	8.796698444999999644e-01	-2.948238811000000043e-02	7.220890683999999782e-01	8.914388209000000396e-01	8.420610136999999717e-01
-9.395788510000000482e-01	-7.950244414999999565e-01	-1.266992727000000096e+00	-8.069094256000000076e-01	1.074631644999999969e+00	-6.337609381000000042e-01	6.789865684000000456e-01	-7.725545472999999497e-01	4.705102634000000138e-03	9.181240210000000124e-01	6.383748224999999943e-01	2.866877220000000115e+00	1.402839487000000052e+00	-1.473530586000000087e+00	6.122722419999999666e-01	1.599782011000000059e+00	1.078422956999999904e+00	3.221384866000000180e+00	-6.494819948000000176e-01	-6.532603115999999766e-01
-9.457255277999999654e-01	-1.067843112000000039e+00	-1.203881479000000088e+00	-8.398488821999999798e-01	1.630184273000000017e+00	-8.588334551999999844e-01	1.160670558000000074e+00	1.369689512999999970e+00	2.139492521999999952e-01	1.011137967000000026e+00	2.116751252999999888e-01	1.033718015999999906e+00	-1.241955378999999998e-01	4.190419771000000043e-02	6.022233302999999704e-01	9.638120621000000332e-01	5.782524529000000468e-01	1.810484436000000086e+00	-7.533076028999999840e-01	-1.034287115000000062e-01
-9.528512081000000133e-01	-9.591855707999999980e-01	-1.230294881999999923e+00	-1.060628920999999947e+00	1.792317684999999994e+00	-1.021407393000000052e+00	1.005959770999999892e+00	1.538609120999999913e+00	5.771361536000000347e-01	1.474143012000000086e+00	1.129813673999999990e+00	1.526083834000000028e+00	-5.381490451999999536e-01	4.474338358000000127e-01	7.617417456999999725e-01	9.612601860999999692e-01	-3.038823053999999968e-01	1.451900844999999940e+00	7.913056174999999470e-01	9.694682018000000401e-01
-9.883519509999999508e-01	-9.977853827999999536e-01	-1.298897938999999946e+00	-1.137487045000000085e+00	1.576932215000000026e+00	-9.346897786000000208e-01	8.654203080000000270e-01	1.214458381000000031e+00	5.888942127999999832e-01	1.325312634999999961e+00	1.144509430999999910e+00	1.744547064999999897e+00	-3.640320491999999852e-01	-2.373138750000000075e-01	4.652983191999999768e-01	6.554915056000000240e-01	-2.226452896999999986e-01	1.561088736000000088e+00	3.799127248999999984e-01	1.524617061999999912e+00
-9.995312445999999795e-01	-9.615841627000000225e-01	-1.306707448999999910e+00	-1.230524616000000071e+00	1.630223576999999979e+00	-8.853228968999999893e-01	9.009796265999999720e-01	1.538207330000000095e+00	3.586580475999999740e-01	1.518381493999999998e+00	9.477484149999999552e-01	1.522812432999999910e+00	-1.115323368000000065e-01	-5.055620623999999841e-02	5.588813444000000352e-01	9.496683180999999641e-01	-4.084721611000000085e-01	1.382843956000000096e+00	6.598028835000000480e-01	2.087600999999999818e+00
-1.014320292000000068e+00	-9.814845289000000417e-01	-1.332891333000000067e+00	-1.160468057999999969e+00	1.700474293999999942e+00	-9.330618028999999591e-01	1.128825476000000050e+00	1.386237659000000066e+00	6.834042386999999996e-01	1.261806458999999991e+00	1.333342392999999904e+00	1.811041029000000080e+00	1.199759633000000020e-01	-4.922499933000000216e-01	8.859393976999999643e-01	9.635063299999999664e-01	-4.512943375999999840e-01	1.598232445000000057e+00	3.049997984999999745e-01	1.986724456999999999e+00
-9.933393072999999740e-01	-9.978216400999999625e-01	-1.347710210000000020e+00	-1.172496653000000055e+00	1.358635736999999954e+00	-4.802567256999999978e-01	9.329239992000000203e-01	1.480667602000000027e+00	4.117682243999999936e-01	1.246459503000000080e+00	1.177582719999999972e+00	1.445017191000000034e+00	-6.095727059000000114e-02	-4.759994815999999962e-01	6.221157641000000238e-01	7.360344529000000247e-01	-1.813368891999999899e-01	1.176174558000000037e+00	-1.314277992000000006e-01	1.925685078999999966e+00
-1.021374487999999969e+00	-1.043052961999999972e+00	-1.348994897000000082e+00	-1.243624921999999966e+00	1.531682278999999980e+00	-1.040695627000000067e+00	1.026930804999999891e+00	1.927924847000000108e+00	7.464576994999999604e-01	8.470631897000000521e-01	1.124412681999999997e+00	1.582096369000000058e+00	-1.456409858999999918e-01	-3.162214246000000228e-01	9.790692905000000223e-01	1.344454794000000009e+00	-2.998170367999999919e-01	1.435454607999999910e+00	-3.794565921000000314e-02	1.406398315999999982e+00
-1.030683301999999912e+00	-1.087852427999999927e+00	-1.379733620999999966e+00	-1.309731471000000091e+00	1.463950725999999980e+00	-8.857359323000000284e-01	9.312156563000000276e-01	1.690888039000000065e+00	1.002009794999999981e+00	1.247826639999999987e+00	1.143667242000000028e+00	1.263725913999999895e+00	-2.146840821000000066e-01	-6.131827829000000007e-02	7.174739303999999596e-01	1.222940877999999953e+00	-3.433420830000000201e-01	1.179749111000000017e+00	4.795933493999999797e-01	2.261525622999999818e+00
-1.035268343999999896e+00	-1.054835852000000074e+00	-1.308636136000000061e+00	-1.216283535000000082e+00	1.394471803999999926e+00	-1.180084302000000029e+00	1.122962280000000090e+00	1.396696119000000014e+00	7.847638211999999891e-01	1.582601391999999940e+00	1.218286497000000024e+00	1.703230573999999997e+00	-5.369327108000000459e-01	-2.015725904000000013e-01	6.601479686000000235e-01	9.555664219999999709e-01	-9.667336670999999715e-01	1.074534467000000104e+00	5.911894690000000230e-01	2.641254951000000073e+00
-1.020700036999999893e+00	-1.077532420999999907e+00	-1.361838206999999912e+00	-1.141377674999999980e+00	1.530463367999999935e+00	-9.323807218999999868e-01	1.089454742999999892e+00	1.581455268000000025e+00	8.863606942999999738e-01	1.886167337000000055e+00	1.477768755999999906e+00	1.864492672999999989e+00	1.548281128000000006e-01	-5.719427759999999861e-01	6.066193229999999881e-01	8.234924520999999942e-01	-7.889150045999999694e-01	1.591963162000000098e+00	-2.465423703999999883e-01	2.540634718000000181e+00
-1.039507640999999927e+00	-1.213700860999999964e+00	-1.241656407000000018e+00	-9.576123737999999719e-01	1.563512798999999953e+00	-8.884702396000000446e-01	1.323530045000000044e+00	1.977466697000000106e+00	1.075601849999999970e+00	1.470798633000000022e+00	9.623284803999999637e-01	1.056317167000000001e+00	1.892072059999999889e-01	-2.700213045000000173e-02	1.097661656000000097e+00	1.695100803000000100e+00	-1.009810359000000046e+00	9.412613141000000239e-01	-1.882476124999999945e-01	2.146592363999999975e+00
-1.070244685999999890e+00	-1.204861662000000111e+00	-1.232844512000000003e+00	-1.047973717000000082e+00	1.805245785000000103e+00	-1.072866738000000097e+00	1.410770708999999901e+00	1.467957006000000009e+00	1.458081200000000077e+00	1.519162177999999974e+00	1.343375769999999969e+00	1.208804964999999898e+00	-3.913721532000000169e-01	4.434809457999999704e-02	2.470161606000000010e+00	1.820941021000000104e+00	-1.337017176000000029e+00	1.434383957000000098e+00	6.194501755000000331e-01	1.932181987000000101e+00
-1.058303009999999933e+00	-1.174101779999999984e+00	-1.273023688999999958e+00	-1.026876290999999997e+00	1.534907422000000077e+00	-5.316591309000000543e-01	1.285958968000000091e+00	1.099265614999999974e+00	1.351611936000000069e+00	1.677252584000000102e+00	1.523368677999999976e+00	1.527164387000000012e+00	-4.650366452999999956e-01	-3.288631587999999994e-01	2.732879583999999973e+00	1.476349907999999989e+00	-2.046865062999999818e+00	1.307261395000000048e+00	4.542926541999999790e-01	2.182512393000000106e+00
-1.060307373000000108e+00	-1.266614560000000056e+00	-1.298395273999999988e+00	-1.094072814000000005e+00	1.187489529000000044e+00	-7.956003855000000069e-01	1.178451939999999976e+00	1.044620222999999903e+00	1.440857099000000030e+00	1.390946583000000070e+00	1.056575118000000035e+00	7.766285077000000259e-01	-7.051946864000000481e-01	-5.354484072999999844e-01	2.325674289999999811e+00	1.076436476000000031e+00	-1.631129373999999910e+00	8.957781621000000527e-01	8.774826699000000119e-01	1.544417973000000055e+00
-1.115303689000000098e+00	-1.271478990000000087e+00	-1.291402101000000080e+00	-1.088594198000000013e+00	6.760877854000000298e-01	-5.050536033000000424e-01	1.229425414000000050e+00	6.864234448999999572e-01	1.243171111999999967e+00	1.125283926000000045e+00	5.824542932999999811e-01	9.154829929000000144e-01	-9.067862343999999464e-01	-3.603173890999999962e-01	1.375597847999999956e+00	1.197598431000000074e+00	-2.154128312000000101e+00	1.264493688999999976e-01	1.032962052000000019e+00	1.060642679000000088e+00
-1.045804745999999952e+00	-1.395736655999999964e+00	-1.460249447000000034e+00	-1.119785854999999941e+00	1.162817198999999968e-01	-8.915355203999999478e-01	7.555683012999999670e-01	1.698076485999999996e-01	9.230458978000000148e-01	4.732908507999999959e-01	-2.294114566999999882e-01	4.307586582999999858e-01	-1.472356543000000073e+00	-1.020429900999999973e+00	-7.880974506000000268e-01	1.321360531000000116e-01	8.183589109000000139e-01	4.242683881000000046e-01	3.724544510000000197e-01	1.637807102000000015e+00
-1.142640435999999982e+00	-1.788541359000000108e+00	-1.325113396999999971e+00	-1.168751209000000069e+00	4.409906289000000146e-01	-1.929877445000000025e+00	7.038108150999999868e-01	1.028499201000000030e+00	9.277365094999999728e-01	2.890336091999999857e-01	-1.129933937999999971e+00	-5.356048487000000108e-02	-8.350525148999999869e-01	4.286793201999999914e-01	-9.140791667000000009e-01	6.360866768999999810e-01	1.370342796000000085e+00	-8.204282816000000311e-01	6.607449628999999547e-01	2.432175011999999914e-01
-1.160118353999999963e+00	-1.709458925000000074e+00	-1.343799192999999947e+00	-1.167964530999999972e+00	3.350851295999999757e-01	-1.476954121999999980e+00	8.668312601000000006e-01	1.015087706999999950e+00	7.677722424999999795e-01	3.611966907999999976e-01	-9.127438884999999891e-01	4.961228154999999806e-01	-9.049301765999999692e-01	1.378525949999999944e-01	-1.158787857999999948e+00	9.840610952999999661e-01	-3.256019898999999995e-01	-8.117507658000000514e-01	1.561664903000000049e+00	1.656473173000000132e-01
-1.159256355999999988e+00	-1.862470365999999933e+00	-1.352181046999999969e+00	-1.184213458000000108e+00	-1.566710235999999867e-01	-1.726441939999999953e+00	7.504223934000000540e-01	6.608851615999999929e-01	8.817349916000000176e-01	5.853020087000000427e-01	-1.110173724000000028e+00	2.703966688000000174e-01	-9.616996110000000098e-01	-6.332009627000000085e-02	-1.483886926000000051e+00	5.538616333000000447e-01	-4.853715707999999712e-02	-6.452580950999999843e-01	1.233115401999999916e+00	4.527692508000000227e-01
-1.161106941999999975e+00	-1.932409035999999913e+00	-1.281501280999999937e+00	-1.289544819999999925e+00	-4.647835190999999866e-01	-2.037454153000000101e+00	4.585093037999999899e-01	3.815682400000000030e-01	7.517635413000000044e-01	1.138996789999999981e+00	-9.795470478000000147e-01	3.762683287000000154e-02	-5.467965110000000406e-01	-5.830579035999999826e-02	-1.407656734999999992e+00	4.114348770999999849e-01	-1.053254174999999959e+00	-3.948954390000000148e-01	1.593876163000000012e+00	6.506212375000000048e-01
-1.134523195999999956e+00	-1.772560986000000005e+00	-1.392473418000000018e+00	-1.252473181000000046e+00	-3.517682328000000247e-01	-1.546452340000000092e+00	3.158203719000000076e-01	6.787421863000000499e-01	5.662907400000000147e-01	1.085525204999999938e+00	-1.003708822999999972e+00	5.022452332000000297e-01	-7.343072283999999561e-01	-1.793227210999999988e-01	-1.102651095999999997e+00	9.637878315000000251e-01	-1.773707573000000037e+00	-3.921906940000000064e-01	8.024687220999999759e-01	8.337543844000000481e-01
-1.139428805000000100e+00	-1.829648077000000095e+00	-1.432217998000000048e+00	-1.282986573999999935e+00	-2.911778532000000030e-01	-1.682337093999999977e+00	3.518311318999999826e-01	9.252771833999999807e-01	4.911187734999999943e-01	9.215069003000000425e-01	-1.144918203000000023e+00	8.411615975999999772e-01	-1.221257258999999928e+00	-4.398371236999999989e-01	-1.670669490000000090e+00	6.071901970999999953e-01	-6.289757717999999720e-01	-6.188260555000000274e-01	7.968390069999999881e-01	2.705827961000000226e-01
-1.156858724999999977e+00	-1.950043098999999946e+00	-1.424360343000000029e+00	-1.353405391999999985e+00	-6.092774075000000344e-01	-1.770470642999999900e+00	-1.157010799000000034e-01	1.600961604999999954e+00	5.456821034000000070e-01	7.630354380999999631e-01	-1.044384297999999989e+00	7.600147430000000481e-01	-5.392586966000000315e-01	4.443173837000000126e-01	-9.421071980999999873e-01	1.026210120000000003e+00	-6.952978261000000160e-01	-1.488517907000000084e+00	1.928481176999999880e-01	2.067579901999999914e-01
-1.160587071999999997e+00	-1.904284215999999974e+00	-1.374315452000000048e+00	-1.452768719999999902e+00	-7.747031857999999716e-01	-1.837062960999999994e+00	9.947053721000000126e-02	1.533351230000000065e+00	5.663025074999999964e-01	6.920474037999999606e-01	-4.940979852999999866e-01	5.896271272999999979e-01	-5.705753942000000301e-01	3.081264074999999769e-01	2.976275642999999804e-01	1.329146853999999989e+00	-1.636916730999999903e+00	-1.594985620999999965e+00	8.284857674000000172e-01	1.259843105000000019e-01
-1.160287171000000006e+00	-1.986626277000000051e+00	-1.378733986999999939e+00	-1.453137501000000054e+00	-6.039203842999999461e-01	-1.740422217999999965e+00	9.034799410999999614e-02	1.419975490999999979e+00	6.751035800000000364e-01	4.498213065000000177e-01	-7.607714245000000153e-01	3.841406232999999837e-01	-6.300547369000000231e-01	5.738857400000000331e-01	6.127145179999999858e-01	1.233112506999999969e+00	-1.675376940999999897e+00	-1.760282295999999969e+00	5.113871951999999776e-01	6.570549576999999974e-01
-1.178510844999999918e+00	-2.147865862000000181e+00	-1.112690900000000038e+00	-1.288006731999999932e+00	-5.592219416000000498e-01	-2.168850017000000019e+00	5.234913509999999937e-02	7.555621635999999475e-01	3.641169865000000103e-03	5.785699761000000496e-01	-1.082671573000000054e+00	-2.310955162999999979e-01	-2.831556666999999750e-01	6.989269967000000250e-01	1.712258614999999928e-01	1.625537854999999920e-01	-2.438263580000000097e+00	-1.376011598999999919e+00	1.519168260000000048e+00	6.234339174999999900e-01
-1.186711910999999953e+00	-2.327878727999999953e+00	-1.063789797000000092e+00	-1.141009509000000088e+00	-3.337290656999999938e-01	-2.055543623000000153e+00	1.320454526000000017e-01	8.325902425000000218e-01	-3.270222470999999964e-01	7.574472021999999471e-01	-1.178758940999999894e+00	-3.072219666000000071e-01	-5.372058854000000272e-01	1.049259669000000006e+00	4.976244960999999800e-01	2.396836536999999989e-01	-2.128584742999999779e+00	-3.783873766999999999e-01	9.712190698999999539e-01	1.029982299999999906e+00
-1.204027055000000068e+00	-2.251442196000000173e+00	-1.012479973999999894e+00	-1.041330124999999995e+00	-2.081381663999999909e-01	-1.978112606000000051e+00	6.375942945000000472e-01	4.446438530999999861e-01	-5.148887273000000153e-01	9.021254378999999934e-01	-1.172734595000000102e+00	-5.952517506000000180e-01	-1.202478688999999989e-01	1.039837468999999931e-01	8.955323641000000057e-02	1.638763883999999893e-01	-3.063251790999999891e+00	1.382597231000000024e-02	2.185953812999999801e+00	8.863823250000000264e-01
