-1.922995607999999912e+00	1.226698727999999905e+00	1.703378269999999972e+00	1.128566978000000054e+00	-8.491937574000000266e-01	-1.069099778000000001e+00	1.651940033000000030e+00	3.176107521000000045e-01	7.854676849999999710e-01	7.651157613000000302e-01	-1.063063813999999940e+00	-1.078169587000000096e+00	-1.627989590999999958e+00	-1.969643371999999948e+00	8.252201672000000210e-01	6.066621922999999583e-01	-5.263960504000000373e-01	-5.998429210000000289e-01	-6.352829748999999637e-01	-1.474007048000000042e+00	2.540892008999999785e+00	1.489428873000000042e+00	-9.683943287999999816e-01	5.120570428000000007e-02
-1.843037177000000026e+00	1.587712299999999965e+00	1.828416078000000056e+00	8.310392301000000259e-01	6.014681833999999810e-02	3.045233240999999924e-01	1.340491968999999894e+00	3.295895776000000166e-01	1.658784343999999966e-01	1.323307569000000017e+00	-1.249014410000000019e+00	-6.290670235999999971e-01	-1.727462322999999911e+00	5.397242702999999892e-02	1.419891111000000095e+00	8.976095765999999587e-01	-1.188859977999999984e+00	-5.486436561999999961e-01	-1.999715909000000069e+00	-7.081186377000000531e-01	2.014258005999999934e+00	1.250334849999999998e+00	-2.398943058000000128e-01	-1.234862710999999891e+00
-1.730355407000000012e+00	1.287184907999999961e+00	7.868985640000000226e-01	-5.371075565999999801e-01	1.016460509000000068e+00	2.109392166999999874e-01	1.853905161999999995e+00	5.497836420999999835e-02	-6.415497171999999804e-01	9.315390453999999876e-01	-1.574873168999999962e+00	7.212250721000000586e-02	-2.676171976000000008e+00	-8.340071961999999672e-01	-1.848903299000000056e+00	5.698692535999999587e-01	-9.681059081999999760e-01	1.752600055999999906e-01	-1.164940166000000055e+00	-1.422686123000000080e+00	1.233151044000000002e-01	8.864259085000000260e-01	-6.065443297999999483e-01	-9.328508854000000516e-01
-1.696183047999999971e+00	9.589683655999999834e-01	3.730820261000000193e-01	-1.053869917000000100e+00	3.045799030999999935e-01	-2.367538436999999885e+00	1.177293947999999979e+00	-1.758755797000000065e-01	-4.020965282999999779e-01	8.090602152000000435e-01	-1.763451185000000088e+00	-5.015644894999999881e-01	-2.254496279000000047e+00	4.489652424000000197e-01	1.003019631999999994e+00	-2.825889428000000203e-01	-1.029769141000000054e+00	-4.353734823000000032e-01	2.362518309999999955e-01	2.996450326000000275e-01	2.690105433000000157e-01	7.392267040000000122e-01	1.494218981999999862e-01	1.876339042999999873e-02
-1.752131399000000034e+00	5.947648701000000093e-01	8.658158588000000599e-02	1.139776242999999967e-01	-1.506138656000000076e-02	-1.345807616999999956e+00	1.705907426000000005e+00	1.275601983000000106e-01	9.122555003000000495e-02	2.260486691999999964e-01	-2.185444561999999813e+00	-4.667050425000000002e-01	-9.487982186000000207e-01	2.129984574000000075e-01	-1.617765102999999982e+00	-4.429569270000000003e-01	1.211818158000000034e+00	-2.090739584999999900e-01	-1.287561635000000093e+00	-6.969289323999999786e-01	1.706209078999999962e+00	1.469188164000000130e-01	1.213827982999999937e-02	-1.047124728000000005e+00
-1.674979669000000060e+00	3.245946826000000174e-01	2.086908372999999872e-01	8.746662828000000278e-01	-1.123141533999999941e+00	-3.773223531000000075e-01	1.681888338000000038e+00	5.678965890999999599e-01	-3.758408361999999725e-01	-6.675534510000000199e-02	-2.384673762999999891e+00	-1.797068121999999990e+00	-8.097652346999999473e-01	-9.593113065999999689e-01	6.877098388000000284e-01	4.181845872000000131e-01	-4.423835926999999946e-01	-5.344684418000000131e-02	6.386234781999999832e-01	-1.575561787999999908e+00	-1.474526307000000036e-01	-1.490481639000000025e-01	3.110209650999999909e-01	-9.471650645000000424e-01
-1.529827027000000061e+00	3.397244320999999734e-01	4.805652785000000260e-01	-3.908253525000000006e-01	-3.483372780999999807e-01	6.369370344000000461e-01	2.029923052000000006e+00	7.442563930000000161e-01	-9.805973154999999553e-01	-3.905506188000000267e-01	-1.922686938000000012e+00	2.618860114000000072e-01	-2.375527218999999857e+00	-1.366105235000000029e+00	9.525973028999999981e-01	8.835378199000000210e-01	9.727083892000000231e-01	-3.906582303999999728e-01	-2.912858222000000108e+00	-1.098454041999999964e+00	1.139535146999999915e+00	3.765636292999999801e-01	-3.790829458000000152e-01	1.405290466000000127e-01
-1.658868865000000081e+00	-1.471306559999999986e-01	1.152567243000000019e+00	-4.292426953999999850e-01	-7.310482780999999486e-01	-9.516505117000000347e-01	6.863264605000000129e-01	-2.417375814000000123e-02	-4.631470623000000231e-01	-1.978082002000000061e-01	6.872024487000000237e-02	-4.215266245000000023e-01	-2.011196552999999998e+00	-2.208946753999999846e+00	3.392127421999999726e-01	-1.228165683999999924e+00	-3.191098708999999811e-01	-1.944125463999999970e-01	-9.688532121999999802e-01	-2.118170593999999962e+00	1.223475354000000070e+00	1.086017581999999981e+00	9.614305318000000433e-01	-2.168989309999999893e-01
-1.988513924999999904e+00	1.491937300000000022e+00	3.069705986000000220e+00	5.607628993000000062e-01	3.418659656999999963e-01	6.769607596000000171e-01	1.631734567999999941e+00	5.593621715000000050e-01	2.041083264000000119e-01	8.606698416000000407e-01	4.656779349999999873e-01	-8.182367593999999578e-01	-1.192816257000000046e+00	-9.477602609000000677e-02	4.780657637999999876e-01	-4.348615156000000259e-01	-3.109279282999999894e-01	9.906988914000000035e-01	-7.277486601000000555e-01	-5.533032719999999571e-01	2.212789594000000193e+00	1.239011553999999959e+00	-5.603327322999999971e-02	-7.143166116000000676e-02
-1.726446560999999935e+00	2.364096391999999991e+00	1.831624482000000054e+00	1.410981040000000020e-01	2.407031104000000088e+00	1.376701080000000132e-01	1.653670419000000003e+00	2.111546072000000107e-01	-7.227699642999999563e-01	8.321527100000000177e-01	-8.157764478000000263e-01	1.712331072000000010e+00	-2.089108775999999779e+00	-6.459644570999999447e-01	-8.094042742999999485e-01	4.324559172999999923e-01	-1.593496259999999998e+00	9.007713773000000090e-01	-8.415584406999999656e-01	-6.208763037000000207e-01	5.873576251000000026e-01	1.043071955999999911e+00	1.214429170000000058e+00	2.973421819999999896e-02
-1.799451115000000101e+00	9.961275180999999979e-01	-1.844804019000000073e-02	1.065325017000000041e-01	8.375669599999999715e-01	-1.303089734000000055e+00	9.888184469999999893e-01	-1.163176065999999981e-01	-1.257708564000000084e+00	1.004335925999999962e-01	-9.801761888000000145e-01	7.346144977999999881e-01	-9.725152768000000503e-01	3.579264247000000232e-01	-1.721610894999999974e+00	-3.886500301999999962e-01	3.454724194000000081e-01	-5.743032300999999923e-02	-5.900981564999999707e-01	-1.824469341999999938e-01	6.590456479999999839e-01	8.076662370999999618e-01	1.274725231999999986e+00	-1.950158231999999936e-01
-1.555198496999999902e+00	1.331490805999999971e-01	-2.301660617999999880e-01	8.634103915999999934e-01	-4.756449246000000186e-01	-8.387771947000000061e-01	1.387458086999999951e+00	6.100058675999999735e-01	-9.659800520000000335e-01	-5.540429866999999620e-01	-1.152576647999999926e+00	-1.083749121000000093e+00	-4.077506640999999932e-01	-1.553645246000000091e+00	6.623906386000000257e-02	-1.810781337000000046e-01	-5.755935545000000486e-01	-5.869116592999999993e-01	-1.326714498000000075e-01	-1.423726529999999935e+00	1.625969505000000037e+00	2.922438648999999833e-01	9.326262840000000276e-01	-6.496519879000000053e-01
-1.450719784999999984e+00	5.515462911999999829e-01	1.270084334000000093e+00	-6.975829176999999437e-02	-2.222371628999999960e+00	3.494172687000000055e-01	1.006679294000000002e+00	-1.203436106000000061e+00	-1.013887519000000070e+00	-1.583630191000000020e-01	-1.578281118000000038e-01	-1.342259069000000027e+00	-6.374253063000000497e-01	-1.216246096999999970e+00	1.082566334000000019e+00	1.860556931999999941e+00	-1.798254122999999982e+00	-7.049247332000000376e-05	-1.651639448000000066e+00	-1.529574621000000079e+00	1.280611530999999914e+00	-1.276800244000000084e-01	7.769956359999999895e-01	-8.834037179000000517e-01
-1.191322551000000063e+00	1.874546038999999942e+00	1.200156637999999942e+00	1.158668393999999990e+00	-1.335153234999999938e+00	-3.309824654999999893e-01	1.601003509000000102e+00	-2.704916400999999859e-01	6.026783240999999958e-01	1.410716818000000039e+00	1.357734017000000071e+00	-1.024075907000000063e+00	-1.509375475999999994e+00	-1.901999387000000041e+00	-2.474074122000000098e-03	7.705659931999999657e-01	1.250182555999999889e-01	-1.401571849999999897e-01	3.341982434999999918e-01	3.761674933999999970e-01	1.971807898000000003e+00	1.273238105999999981e+00	-1.671596851999999966e+00	2.688146995000000039e-02
-1.331956782000000006e+00	1.550088018000000067e+00	7.873970793000000246e-01	1.281026063000000104e+00	6.050968909999999701e-01	7.103528375000000006e-01	9.267975272999999792e-01	2.194245035999999871e-01	4.743249959999999987e-01	9.504594801000000315e-01	8.265630203999999592e-01	-1.867253182999999983e-01	-2.492599253999999986e-01	-5.005331102000000199e-01	1.020058388000000038e+00	-7.014219028999999495e-01	-2.063130573999999995e-01	-4.093012222999999894e-01	-1.090572212999999957e+00	-2.994471170999999932e-01	8.773204566999999454e-02	3.058629527999999764e-01	-1.523040809999999912e+00	-2.041236061999999851e+00
-1.202963849999999946e+00	7.813133797000000325e-01	2.024105076999999919e-01	-8.366610942000000106e-01	4.435620986000000099e-01	1.162802241999999930e+00	7.798944308999999908e-01	2.276281474999999888e-01	3.475595069999999898e-01	-1.638744144000000014e-01	-5.838789024999999633e-01	7.265666979000000303e-02	-9.300315661000000400e-01	-7.077252053000000487e-01	-1.294531358000000076e-01	-1.842902177999999891e-01	-6.513072012999999716e-01	-2.718182935999999827e-01	-6.121486268000000397e-01	2.025534894999999891e-01	-9.911303932999999677e-01	1.236155996999999986e-02	-1.091532670999999954e+00	2.119305252999999917e-02
-1.078067816999999984e+00	-2.275717949000000129e-01	-2.357386183999999885e-01	-7.435186530999999821e-01	-5.882331673999999788e-01	-1.680409969999999920e+00	1.387400399000000006e-01	3.676281088999999724e-01	-1.023088095999999947e-01	-1.293270885999999953e+00	-7.380789737999999822e-01	-1.605335015000000087e-01	-1.015587208999999991e+00	-2.648139001000000103e+00	-1.686414996000000110e+00	-1.374561804000000054e+00	-9.862351619000000458e-01	-1.269247601000000003e+00	-2.628442073000000212e-01	7.862408359000000457e-01	-9.016026508000000161e-01	-4.823183748000000048e-01	-1.845482802999999894e+00	6.980526932999999712e-01
-1.053457169000000082e+00	-3.425483752999999854e-01	2.276769311999999879e+00	-1.127586353999999957e+00	-1.738666044999999993e+00	-4.395127444999999966e-01	1.512349342999999902e+00	1.289719456000000042e+00	9.699715669999999790e-01	-2.676958497999999964e-01	1.781293221000000093e+00	-7.474312294999999606e-01	-1.656783332999999914e+00	1.533058460999999983e+00	-1.100886789000000032e+00	-7.483619714000000478e-01	-1.246801245999999974e+00	5.573556230999999750e-01	-1.590977546000000020e-01	-4.143743261999999761e-01	1.336319580000000062e+00	3.140661458999999822e-01	-2.333967503999999860e+00	-3.553529514000000056e-01
-1.385944263000000065e+00	2.714417538999999824e+00	2.192491921999999871e+00	-8.556486463000000375e-01	6.164162665000000318e-01	-3.770838991000000084e-01	8.881250128000000021e-01	7.796140029000000471e-01	1.349337561000000019e+00	1.252214786999999996e+00	-7.241572090000000239e-01	6.360807503000000251e-02	2.177704651000000047e-01	-6.524827262000000294e-01	-4.534816499000000195e-02	2.155896885000000207e+00	1.399036554999999904e+00	1.630767421999999911e+00	-2.493825385000000006e-01	1.915752912999999946e+00	1.737015189000000071e+00	3.291153981000000117e-01	-1.449424331999999982e+00	-6.989798671000000407e-01
-1.061385632999999995e+00	1.594051502999999981e+00	2.569973165000000170e-01	1.455937457999999962e+00	1.760867334000000062e+00	-5.157143690000000336e-02	-1.295916145999999936e+00	7.482534221000000096e-01	3.379509596999999976e-01	4.198310764000000028e-01	-1.078308816999999920e+00	8.597371263999999957e-01	-1.215750034000000035e+00	-5.530113567000000119e-01	-4.045326823000000016e-01	8.560751059000000218e-01	-1.549958927999999903e+00	2.973519038999999919e-01	-1.135223043999999959e+00	-1.180823750000000061e+00	-4.710403704000000191e-01	-1.687661724000000030e+00	-7.193104800999999826e-01	-3.496607735000000217e-01
-1.079291956999999913e+00	-1.886267051000000078e-03	-1.399750220999999906e+00	-1.029063615000000015e-01	-8.871819481999999590e-01	-9.823663530999999782e-01	4.136795878000000259e-01	3.652862030999999843e-01	-3.638340890999999799e-01	-3.767844640999999939e-01	-4.832303608999999889e-01	-6.256448670999999878e-03	-5.264337047999999575e-01	2.142775013000000062e-01	-2.003299074000000068e+00	-6.079314445000000289e-01	7.276754734000000224e-02	2.134293040999999946e-01	-1.812041033000000023e-01	4.057536460000000234e-01	-1.894154871000000018e-01	4.533754017000000136e-01	-1.059379299000000052e-01	-1.156152121999999949e+00
-9.810406784999999852e-01	-2.193806295000000073e-01	-3.868754884999999755e-01	6.628801954999999912e-01	-1.368936603999999946e+00	-5.137591352000000500e-01	6.998489576999999962e-01	8.765290636000000468e-01	-8.615176866000000544e-01	-2.947095077999999924e-01	-5.417077973000000018e-02	-1.574421979000000027e+00	1.327310697999999935e-02	-1.410264004000000071e+00	8.428916896999999464e-01	-5.923340240000000145e-01	1.015985704999999989e-01	9.667400141999999974e-01	-2.234160058000000115e-01	-1.100128278999999987e+00	-6.076114248999999745e-01	-3.014911338999999857e-01	-4.400672340999999821e-01	-1.326473204000000017e+00
-9.726643858000000309e-01	2.974885718999999984e-01	1.939854018000000124e-01	-6.241286105000000417e-03	-1.470536403999999964e+00	1.137395152999999937e+00	1.096721805999999910e+00	7.288144737999999734e-01	-3.704121075999999846e-01	3.456479033000000034e-01	3.832276805999999814e-02	-1.411695547000000106e+00	-1.118710746000000089e+00	-2.099635885000000063e-02	9.263518564999999594e-01	1.401336442999999987e-01	-8.004407917000000428e-01	1.063805281999999908e+00	-2.256109991000000203e+00	6.554301891999999574e-01	7.049109888000000546e-02	4.902530748999999743e-01	-1.269984361999999978e+00	1.410875348999999890e+00
-7.258774894999999727e-01	4.184317730000000068e-01	1.220760221000000006e-01	-2.155399379999999865e-01	8.049520593000000224e-01	4.197279642999999782e-01	6.893017663999999600e-01	6.039077881000000092e-01	-6.756873506999999668e-02	3.509762341000000063e-01	-7.186424684000000153e-03	-2.505217911000000020e-01	-2.532865048000000119e+00	-8.290071945000000442e-01	-1.139787772999999893e+00	-5.658635923999999484e-01	-4.761357026999999964e-01	1.271323014000000029e+00	-8.261850549999999460e-02	1.862073022999999994e+00	7.381446007999999948e-01	5.075696303000000187e-01	-8.348135653999999573e-01	-6.288259376999999484e-01
-9.252788793999999761e-01	2.549067148999999977e-01	-9.866438218999999954e-01	-7.622407750999999898e-01	4.867539600999999938e-01	-8.764377952999999888e-01	2.672884655000000165e-01	8.473139149000000203e-02	-1.043827577999999923e+00	-3.175611049000000019e-01	-7.731822722999999453e-02	-1.293820539999999963e-01	-3.421200797999999765e-01	1.030411913000000013e+00	-1.220942809000000073e+00	-7.089026738999999466e-01	8.446818582999999769e-01	8.436174288000000132e-01	-1.737709645000000067e-03	6.020480965000000184e-01	-5.372209419000000263e-01	4.456291783999999923e-01	-6.858843309999999860e-02	-1.859196728999999992e+00
-8.909117344000000438e-01	-5.585509806999999771e-01	-9.026269559999999803e-01	1.152751781999999947e+00	-2.110593641000000076e-01	-4.435818261000000207e-01	2.137178073999999872e-01	5.356639318999999455e-01	-1.692329777000000091e+00	-7.739845810000000048e-01	8.577879827999999873e-02	-1.610037710999999927e+00	-3.575712958000000219e-01	-1.280149283999999943e+00	4.565492500000000176e-01	-7.175963522999999622e-01	9.855919444999999834e-01	7.451609425999999869e-01	3.878227793999999840e-01	-1.186039816999999941e+00	-1.263735625999999890e+00	1.629248696999999885e-02	-7.275521232999999643e-01	-8.535278297999999708e-01
-9.117573489000000420e-01	-9.474639018000000079e-02	-3.251767863999999730e-01	3.025055331000000014e-01	-1.149046569000000018e+00	1.133565186000000002e+00	7.299524458999999688e-01	5.072943627999999539e-01	-1.168438949000000004e+00	-3.161764598999999842e-01	1.301600139000000100e-01	-1.181153855000000030e+00	-1.016089612999999892e+00	-8.335650574000000312e-02	1.399801520000000021e+00	-4.464256270999999998e-01	-5.324159225000000273e-01	1.003937880999999921e+00	-1.550426352999999979e+00	7.978595023000000230e-01	-2.330035986000000003e-01	8.594610650999999768e-01	-5.767035475999999772e-01	8.384125788999999829e-01
-5.659985542000000036e-01	-2.791704320999999905e-02	-9.102317671000000054e-02	-6.930834003000000410e-01	-3.373024581999999882e-01	3.946902444000000010e-01	5.380135633000000528e-01	5.892925302000000531e-01	1.057505482000000052e+00	2.537552287000000018e-01	-4.791289739999999853e-01	-5.990008076999999709e-01	-1.946379888000000058e+00	-7.122948916000000352e-01	-1.331871454999999926e+00	1.534369285000000138e-01	-4.701485979999999731e-01	1.455351862000000107e+00	-9.637356820999999629e-02	1.317119638000000093e+00	1.328025127000000083e+00	1.476930841000000105e-01	-9.932235537000000392e-01	-9.692424241999999524e-01
-7.990001868999999646e-01	1.043860115999999949e-01	-2.267022767999999910e-01	-1.177112015999999928e+00	1.029521401000000058e-01	-1.173312042999999916e+00	-9.695725983999999853e-01	-1.085234701000000052e-01	1.418539087000000087e+00	9.299035302999999475e-01	-2.909161887000000224e-01	-3.292610179000000081e-01	-3.710873082000000212e-01	1.039135493999999937e+00	-1.539567926000000031e-01	1.027475831999999922e+00	7.409376883999999608e-01	1.310017819000000028e+00	-9.818908225000000378e-02	6.049411528000000482e-01	-5.893649780999999921e-01	-1.168251898000000066e+00	2.408878080999999893e-01	-2.188985866999999974e+00
-1.079087402999999945e+00	-3.323367581000000182e-01	-1.269236710999999962e-01	1.374026484000000048e+00	3.719299904999999982e-03	2.255449492999999916e-01	-3.219771522000000052e-01	1.372741041999999967e-01	4.180107656000000005e-01	3.529696401999999900e-01	-3.426000760999999839e-01	-7.034531071999999829e-01	-2.607968078999999828e-01	-7.061289054999999593e-01	-3.479512242999999727e-01	9.155762120999999532e-01	1.660442514999999952e+00	1.087943002999999909e+00	2.990689858000000201e-01	-5.700814753999999818e-01	-9.223571177999999593e-01	-5.355573401000000011e-01	-4.303454174999999937e-01	3.179000330000000263e-01
-9.607501346000000275e-01	-4.327921956999999931e-01	-8.451953928000000005e-01	2.120588624999999894e+00	-1.996423241999999987e-01	7.334340259999999612e-01	-7.952744883000000264e-01	-6.895852655999999692e-02	-7.408082022999999960e-01	8.136009599000000592e-02	-6.230806805999999920e-01	2.369453331999999968e+00	-7.556916285000000455e-01	1.318041830000000081e+00	1.301658385000000084e+00	4.849812211000000262e-01	-8.741766989000000487e-01	-1.059893459999999982e-01	8.870217419999999464e-01	2.401901458999999850e+00	-1.509748775999999904e+00	5.956069298999999706e-01	1.219255315000000034e-02	-8.166741440000000463e-01
-7.288993643000000189e-01	-2.057787982999999876e+00	-2.395466975999999970e-01	1.319171713000000024e+00	-4.934451550999999769e-01	-9.134047326999999994e-01	-1.256496406999999982e+00	-3.525336012999999991e-01	-1.487339785000000081e+00	-4.222101582000000186e-01	2.343563377000000003e-01	-7.021041869999999907e-01	-3.366961708999999803e-01	7.851230223999999813e-01	-1.250999235999999959e+00	7.398979878000000454e-01	-1.676218769000000108e+00	-2.474965973999999902e-01	2.427265245999999932e-01	2.053756060999999966e-01	-1.283801718999999952e+00	3.998347482999999869e-01	7.518480910999999489e-01	-9.761870505999999947e-01
-8.673819514999999702e-01	-6.997466802999999791e-01	2.585668859000000097e+00	-4.530248127000000014e-01	-9.233816253000000085e-01	5.903574182999999920e-01	-4.033984721000000162e-01	1.096353491999999957e-01	5.754838408000000349e-01	4.657359186999999734e-01	1.449625154000000027e+00	-8.636332410999999487e-01	-2.168653011999999991e-01	-1.994397572999999924e-01	2.188503031000000043e-01	1.299268053999999895e+00	-1.711679267999999920e+00	2.226445356999999792e+00	-5.441894828000000128e-01	1.110140598999999950e+00	1.352665725999999957e-01	1.290032427999999953e+00	-1.868127071000000028e-01	-6.991844526999999587e-01
-9.479634478999999780e-01	2.020871210000000140e+00	2.230770802999999969e+00	-8.123676953999999784e-01	2.155396870000000131e+00	3.058916447000000014e-03	-2.830761159999999887e-01	2.529446866000000238e-01	7.798796060999999558e-01	2.323509457000000111e+00	1.061554812000000014e+00	3.804761575999999756e-01	-3.588903478000000091e-01	-1.177161638000000066e+00	-1.229342547999999979e+00	1.704707207000000002e+00	8.140791459999999757e-01	2.036921534999999839e+00	1.039907971999999986e-01	3.046600381999999829e+00	1.376105697999999933e+00	7.929932831999999543e-01	-5.551389943000000216e-01	4.394781407999999723e-01
-8.279571816999999889e-01	9.693442706999999547e-01	3.336023933999999747e-01	2.013206961999999933e+00	2.526308128000000153e+00	-3.692410984999999757e-01	-1.576421904000000040e+00	-8.373960258000000545e-01	2.419772340999999938e-01	1.225244452999999956e+00	-4.666699893999999849e-01	2.102157615999999951e+00	1.004144968000000027e-01	-1.246269153000000018e-01	-5.322830222000000111e-01	1.664394519000000072e-01	-2.105546588999999802e+00	2.236914383999999978e-01	-7.545960014000000493e-01	1.476011806999999898e+00	-4.022758938000000062e-01	-1.133454337000000089e+00	8.165929603999999564e-01	1.131886892000000033e+00
-9.850645659000000220e-01	-1.120169549999999958e+00	-1.183922995000000089e+00	-6.177701029000000066e-01	5.660931236999999783e-01	2.278390470999999973e-01	-7.563786804000000030e-01	-4.124158238999999782e-01	-7.659882547999999347e-02	-1.006413475000000002e+00	-5.749241485999999624e-01	7.615127656000000300e-01	1.170620401000000088e+00	2.269459122999999967e-01	-4.074135976000000103e-01	5.393529624999999772e-01	6.099351289000000120e-01	-9.150602811000000392e-01	1.187726665000000015e+00	1.245563935999999927e+00	-2.120041072999999943e-01	-7.782223466000000034e-01	-9.592007286999999494e-01	-7.474848318000000269e-01
-6.950206370000000522e-01	-1.315684011000000098e+00	-5.027089072999999519e-01	-1.335761340000000130e-01	-9.393375823999999819e-01	1.998986087000000078e-01	-4.628779145999999955e-01	3.542983236000000341e-02	-2.968838171000000026e-01	-1.165162972999999935e+00	4.765715661000000103e-02	-1.136983073999999982e+00	1.090747826999999948e+00	-1.103964318000000056e+00	1.345101988999999998e+00	-3.480917453999999855e-01	-4.512370381999999958e-01	-1.182364354000000062e-01	-3.070460788000000107e-01	1.365615637000000028e-02	2.405559167999999845e-02	-1.022226542999999932e+00	-1.174996548000000057e-01	9.312256092999999790e-01
-4.648083411000000220e-01	-7.244444477000000493e-01	6.341353244000000333e-02	-1.238673499999999983e+00	-1.805900229999999995e+00	1.169018324999999914e+00	9.495428849000000504e-01	2.012150080000000008e-01	3.636896991999999940e-01	-1.125539496000000028e+00	1.017168171000000010e+00	9.867755659999999374e-02	-7.783781191999999960e-01	-9.249592804999999529e-02	-1.088031573999999946e+00	9.882430835000000080e-02	-6.997159521000000382e-01	9.391418999999999462e-02	3.040388478999999852e-02	-1.285377263999999964e-01	-2.521813233999999904e-01	1.825939850999999947e-01	-1.696124364999999967e+00	1.604283023000000030e+00
-4.032882401999999811e-01	8.156295207000000547e-01	9.809442253000000278e-01	-1.052403693999999890e+00	-6.137569786000000027e-01	-1.915296869000000068e+00	7.900800397999999669e-01	3.399714348000000275e-01	6.473186832999999751e-01	-8.645514761000000492e-01	9.484272982000000463e-01	-1.944381212000000081e-01	-7.637318049000000331e-01	6.854028334999999472e-02	5.806719921999999867e-01	5.247501385999999712e-01	-3.360318637999999969e-01	1.194629318999999912e+00	1.019103494999999970e+00	1.223145372999999925e+00	1.066686852999999990e+00	9.181045813999999528e-01	-1.632371612000000083e-01	5.678107195999999579e-01
-5.430224939000000139e-01	1.439501568000000065e+00	3.361431803000000107e-01	-8.459344935000000509e-01	4.041387188000000186e-01	-7.349685276999999850e-01	-3.314996939000000031e-01	2.288263349000000113e-01	4.703556032000000275e-02	-9.862702984000000228e-01	4.859637077999999777e-01	-4.562452476000000146e-01	4.947978653999999810e-01	1.270590109000000023e+00	-1.476067229999999952e+00	4.613476349999999782e-01	9.152073786000000100e-01	1.388746255999999901e+00	-1.166709329999999989e+00	2.931377883999999878e-01	2.360395100000000079e-01	-2.925489653000000190e-01	-1.006218975000000015e-01	-1.464611276999999934e+00
-6.019786388000000210e-01	5.492406870999999580e-01	-6.007533592999999561e-01	1.372520068999999898e+00	-4.400774821000000281e-02	3.894163426000000344e-02	1.184186831999999995e-01	3.206437938000000210e-01	-4.679030308000000082e-01	-1.138443459000000102e+00	1.576959317999999943e-01	2.987060217999999989e-01	2.742200488000000047e-01	-2.900876329000000031e-01	1.688716902000000075e-01	1.004353915000000042e+00	1.772131185999999969e+00	8.047647119999999932e-01	9.790583162999999534e-01	-8.161031946000000259e-01	-6.352193052000000284e-01	-1.150319731000000040e-01	-1.316104831000000086e-01	7.040738265000000551e-01
-4.940784429000000255e-01	-1.805737323000000116e-01	-1.769803626999999935e+00	2.150720037000000140e+00	-5.585049035000000384e-01	9.995838696000000634e-02	-9.067744827999999480e-01	-2.409666451999999959e-01	-6.533030179000000048e-01	-2.543988816999999791e+00	-1.312887117000000048e+00	2.875598477000000042e+00	4.898057216000000214e-01	1.067281126999999996e+00	9.941067823000000470e-01	-3.723108795999999776e-01	-1.229729805999999925e+00	-6.378215445999999567e-01	2.994747074999999925e-01	6.443973473000000340e-02	-1.145533090999999892e+00	-9.747563944999999563e-01	-6.180676861999999661e-01	-4.442009057999999899e-01
-2.620696381000000019e-01	-1.630327641000000050e+00	1.472368292000000023e-01	-5.460944958000000238e-01	-2.355049453999999987e+00	-3.044273046000000038e-01	-2.761839757999999811e-01	-3.682807683000000054e-01	-2.996784764000000045e-01	-1.626186522000000023e+00	5.660759921000000361e-01	-1.479184180000000071e+00	7.681728826999999482e-01	-3.169130772000000040e-01	-1.822863702000000058e-02	-7.551616029000000063e-01	-1.781694405000000092e+00	1.208896946000000083e+00	-1.489336914999999983e+00	-2.068583219000000195e+00	1.625192166999999965e-01	2.082778315000000102e-01	-1.275510776000000068e-01	4.855016853999999937e-01
-2.461739303000000101e-01	8.288308196000000461e-01	1.104848601999999902e+00	-3.839090388999999992e-01	-1.617446324999999963e+00	1.488463934999999960e+00	7.187785481999999782e-01	5.300478985000000032e-01	1.864093720000000065e+00	3.186226813999999963e-01	-4.922561401000000170e-02	-2.825215638000000071e-02	-4.445273731000000117e-01	-3.563441564000000006e-01	1.024116637999999968e-01	9.207633128000000111e-01	-1.006818395000000033e+00	2.476524815999999962e+00	-3.409454396000000109e-01	1.880598471000000105e-01	1.048520386000000082e+00	-1.873953456999999934e-01	-3.597619706999999889e-01	5.769486091000000094e-01
-3.001080081999999982e-01	1.313854202999999998e+00	1.112539347000000012e-01	-1.439124428000000122e-01	5.789648417999999630e-01	-1.055654925000000022e+00	-8.787288664000000304e-01	-2.282638572000000032e-01	2.189136298000000203e+00	2.664954133999999919e-01	-8.118622942000000009e-01	7.741759427000000082e-01	6.896545196000000155e-01	7.936306285999999988e-01	-1.170907488999999968e+00	-2.949451595000000120e-02	-1.740289590000000108e-01	4.905621933000000046e-01	-7.035132518000000168e-01	-3.911481074000000002e-01	-4.745544260999999819e-01	-2.129637570999999951e+00	-4.266106999000000150e-02	1.040653408000000057e+00
-4.642545791000000088e-01	-1.685587000000000057e-01	4.530286292999999954e-05	8.696860227999999582e-01	-3.595292361999999908e-01	1.909489454999999947e-01	-3.114018250999999737e-01	1.837588860000000102e-01	1.077798524999999952e+00	5.947180308999999720e-01	1.525866332000000103e+00	-5.671866093999999858e-01	7.591284999999999838e-01	-8.405633396999999674e-01	-1.015894247999999944e+00	-1.370887731000000054e+00	1.581228795999999992e+00	-2.698177183000000090e-01	1.153563544999999912e+00	-6.855900522000000219e-01	-1.167092514999999997e-01	-2.765684245999999735e-01	4.646910768999999997e-01	-2.226287990999999966e-01
-4.507289561999999750e-01	7.688582532000000080e-01	9.272491760000000083e-01	8.932482918999999910e-01	-4.011231624000000107e-01	4.891327923000000077e-01	-9.733824849999999501e-03	5.419819323000000244e-01	1.247906165000000067e+00	7.731030691000000399e-01	1.776807248999999977e+00	-5.834849924999999798e-02	1.199345616000000003e+00	-1.345638598000000075e+00	1.933145045000000062e+00	-3.674394284999999982e-01	1.939428125999999863e-01	-6.266843761000000512e-01	8.017908950000000035e-01	-3.244032465999999726e-01	-1.111559049000000021e+00	1.865995406000000023e-01	2.059734903000000061e-01	-7.849101764999999453e-01
-2.236484340000000071e-01	1.298117205999999912e+00	1.022462095999999931e+00	8.285245867000000375e-02	-1.766991941000000121e-01	2.018756413000000194e+00	2.059067269000000033e-01	1.058958300000000019e+00	1.587637780000000109e+00	-8.298514579000000335e-01	7.837543769000000493e-01	-5.810126145999999769e-01	1.646941124999999895e-01	3.910999558000000098e-01	8.673573741000000226e-01	1.332766750000000000e+00	-3.307181650000000084e-01	-2.594793067000000231e-01	-2.029441306999999917e+00	-8.781453586000000089e-02	-7.925664636000000485e-01	1.298832865999999919e+00	-9.015251752999999812e-01	1.023059546999999903e+00
1.102589132999999971e-01	1.428773872999999917e+00	5.012835407000000298e-01	-5.756770337000000071e-01	1.593386226000000072e-01	6.256223659999999853e-01	9.747141755999999546e-02	5.301311122999999847e-01	1.677310703000000069e+00	-1.798856959000000089e+00	4.069279018999999997e-01	6.552368199000000448e-01	-1.378812778999999988e+00	-5.594140453999999485e-01	-8.595975997000000479e-01	1.318639560999999905e+00	-7.563756753999999471e-01	7.131589090000000075e-01	6.185566494999999998e-01	-1.519091438000000002e-02	-7.170040471999999943e-01	2.477477428999999898e+00	-2.574425952000000128e-01	4.131573129000000177e-01
1.552797395000000136e-01	8.897166447000000034e-01	5.652793526000000207e-02	-8.274164498999999617e-01	5.564702806000000335e-01	-1.249448152999999895e+00	-6.493841181999999990e-02	2.809023163000000101e-01	1.591026081999999953e+00	-1.346520731000000026e+00	1.312175304000000042e-01	-9.134040437000000290e-02	-7.938818010000000536e-01	8.278820841999999791e-01	5.057049087999999637e-01	2.663369956000000149e-01	-1.155798066999999957e-01	3.161349225999999790e-01	6.844873566000000409e-01	1.219793968000000062e+00	-2.838740374000000011e-01	2.130205215999999790e+00	-2.036118396999999913e-01	-4.579229921999999897e-01
7.216810209000000531e-02	5.725962464999999613e-01	7.431441246000000667e-02	-1.148403373999999921e+00	1.213450613000000011e+00	-1.485684255000000009e+00	-6.291253998000000403e-01	6.338227763999999542e-01	1.179536576000000059e+00	-9.783470788999999446e-01	7.932217348999999473e-02	-1.202169995000000047e-01	2.115431577999999924e-01	9.037972413000000538e-01	1.087679553999999937e+00	2.750986275999999786e-01	2.983568124000000044e-01	8.281202305999999513e-01	-3.840455461000000237e-02	6.091762031999999882e-01	-1.002077831000000030e-01	1.079333292000000055e+00	1.066177818000000055e-01	-1.473367652000000083e+00
-1.147584206999999927e-03	3.422209395999999959e-01	-4.605151531000000187e-01	-4.567255933000000101e-01	1.233322950999999890e+00	-4.333671201000000028e-01	-5.391348201000000229e-01	2.076833154999999931e-01	1.765882173000000055e+00	-5.640392468999999576e-01	-1.130658712000000010e+00	-5.871657461000000522e-01	7.405487238000000305e-01	1.134509451000000002e+00	-1.052512502999999988e+00	-2.657967213999999911e-01	1.479573921999999930e+00	8.764915730000000238e-01	-1.502895254000000014e+00	4.920835273000000176e-02	-3.942690943000000114e-01	-5.879066306000000353e-01	-9.904407532999999486e-02	1.179205239999999932e+00
-2.584555279999999847e-03	-5.599402968000000147e-01	-8.349836923000000244e-01	1.719833028999999902e+00	9.383063797999999789e-01	-4.064479253000000125e-01	-3.395927060000000219e-01	2.975269725999999948e-01	8.222446111000000224e-01	-9.622654022000000085e-01	-5.784279153000000395e-01	-3.566026234999999933e-01	-1.270763323000000111e-01	-9.069758534999999844e-01	-4.372091049999999868e-01	-2.114130708999999886e+00	1.238463585000000089e+00	5.144305143999999830e-01	1.094585329000000051e+00	-6.375576278000000263e-01	-5.045588385000000509e-01	-6.646217520999999628e-01	-3.697752057999999925e-02	1.359924008999999989e+00
-4.997086293999999929e-02	-7.650197782000000002e-01	-5.495340957000000026e-01	9.030002878999999760e-01	-2.022113967999999984e-01	9.206558721999999473e-02	-2.448343704000000010e-01	3.183785667999999847e-01	1.590064670000000124e-01	-9.677083852000000208e-01	2.501996942999999973e-01	-6.072592294999999973e-01	5.579728943999999746e-01	-1.019973680999999965e+00	1.815553219000000107e+00	-1.667188523999999950e+00	1.096275602000000016e-01	6.125081803999999908e-01	4.392306102999999906e-01	-3.795047400000000071e-01	6.856444411000000017e-01	6.875463215999999544e-01	1.202992528000000061e-01	-3.523332438999999816e-01
4.763206240000000119e-02	-3.495871629999999786e-01	-6.070321656999999593e-01	3.950134912000000109e-01	4.864351370000000174e-01	1.265128470000000060e+00	-1.146165802999999928e+00	2.571663898000000059e-01	1.006892781999999986e+00	-4.261064412000000190e-01	-5.328014088000000426e-01	-2.271411983999999940e-01	1.072146489000000008e-01	2.411706316999999988e-01	1.624136625000000000e+00	-4.311078489999999874e-01	-5.220403596999999563e-01	1.124654782999999991e+00	-1.294381110000000001e+00	-3.318142242000000075e-01	-6.333268201999999736e-01	9.510015397000000092e-01	4.145159440999999778e-01	-3.083439382000000006e-01
8.653343279000000332e-02	-6.701841932000000002e-01	-1.303298081999999969e+00	-1.241729230000000017e+00	4.880041928000000140e-01	1.580163532000000037e+00	-7.835011813000000158e-01	3.561575524000000215e-01	1.431553077000000007e+00	-7.447983317999999908e-01	-5.449110858000000279e-01	1.682037108999999975e-01	-8.924353375000000366e-01	-1.393067675999999921e-01	-1.422326803000000028e+00	-2.258476748000000089e-01	-1.398123655000000076e-01	6.838087953999999469e-01	6.835224867000000426e-01	-1.014955231000000069e+00	-6.435328840999999800e-01	-6.609175436999999986e-01	-4.514691242000000160e-01	8.532741616000000251e-01
-1.809070567999999934e-02	-7.400971984999999975e-01	-1.197843999000000048e+00	-1.403139525999999915e+00	4.524921688999999914e-01	-1.583526629999999935e+00	-1.194976940999999959e+00	1.750301753000000071e-01	1.463145471999999891e+00	-4.910635349999999816e-02	-2.455408297999999989e-01	4.467280079000000015e-01	1.953922080999999922e-01	5.297214257000000259e-01	1.097319691000000041e+00	-8.060994998999999606e-01	-7.514432649000000186e-01	4.172795986000000235e-01	1.485978465999999942e+00	2.056841226999999994e-01	1.284123158999999958e+00	-1.460375954000000087e+00	-1.951884440999999970e-01	2.337813384999999911e-01
-1.196623903999999988e-01	-1.169060709999999892e+00	-1.117547137000000079e+00	-1.307459756999999945e+00	5.522723173000000374e-01	-1.219566534000000035e-01	-9.218140622999999589e-01	4.079611369000000209e-01	9.336668086999999616e-01	1.029221222999999963e+00	-2.369691057000000017e-02	-4.549412183000000054e-01	1.436030673000000091e+00	1.496063299000000013e+00	-1.157022062000000018e+00	1.199319373999999938e-01	1.449022596000000052e+00	7.361475289999999672e-02	-1.113730432000000103e+00	1.794490173000000133e-01	2.265953505999999951e-01	-1.623514083999999968e+00	-5.574233888999999831e-01	-7.584382034000000106e-01
-1.837373220999999890e-01	-1.345548184000000091e+00	-3.991164086000000277e-01	8.544609386999999501e-01	4.442846541000000093e-01	2.650611215000000034e-02	-4.636066422999999825e-01	6.611561632000000355e-01	1.590213040000000078e+00	6.015398857999999516e-01	-9.544713977999999543e-02	-6.830391131999999921e-01	1.036473948000000034e+00	-1.021933218999999893e+00	4.558167651999999737e-01	1.427235299999999985e+00	8.991942808999999759e-01	-4.397409396999999998e-01	1.420794694000000025e+00	-5.082791446000000102e-01	-9.280910959000000515e-01	-1.700163963999999917e+00	-6.418898684999999604e-01	6.696664983000000237e-01
1.707204774999999952e-02	-7.142806940000000493e-01	1.040623269999999961e-01	6.284191783000000475e-01	6.541157936000000506e-01	9.212870381000000108e-01	6.286327082999999816e-02	7.528094043999999929e-01	2.484628282000000077e+00	-3.191050148999999836e-01	-7.277081157000000466e-01	-2.748011616000000101e-01	5.739841557000000538e-01	-2.275312159000000001e-01	1.561959816999999973e+00	2.281528248999999953e+00	-1.048155012999999913e+00	-7.050423560999999895e-01	-1.193744069000000074e+00	5.211444660999999812e-01	-2.832045870000000076e-01	-1.224340996000000015e+00	-4.669506599000000091e-01	1.654357094999999944e+00
3.580768149999999928e-01	-4.132648340999999781e-01	3.412754534999999922e-01	-6.512152116999999629e-01	7.123930612000000107e-01	9.997407689999999736e-01	5.882335773000000323e-01	1.264285271000000099e+00	3.131043852999999988e+00	-1.052687731000000015e+00	-2.393501912000000065e-01	-2.948506061999999761e-01	-6.768607842999999624e-01	3.918435051999999974e-01	-1.827706827000000089e+00	2.428321889999999872e+00	-1.417389192999999992e+00	-5.592367384999999969e-01	-6.017002848000000403e-01	2.438750370999999972e-01	1.425238466000000037e-01	-5.661058850000000309e-01	-3.509676499000000116e-01	-1.045218685000000036e+00
1.480218989000000041e-01	3.599894479999999897e-01	7.970486203000000103e-01	-1.228823261000000056e+00	1.306155731000000042e+00	-1.042898918999999980e+00	6.631333575000000202e-01	1.350283668000000104e+00	1.472334755999999967e+00	-1.212007201999999895e+00	-6.152800012000000374e-01	4.595849424999999822e-01	4.767035062000000295e-02	-7.086205347999999793e-01	7.662902789000000103e-01	2.886610094999999987e+00	-4.006275572999999923e-01	2.718180272999999869e-01	1.224463553000000093e+00	1.820419924000000078e+00	1.115829044000000020e-01	-4.205976014999999735e-01	-1.113975410000000110e+00	-2.359211488000000079e-01
2.973164986999999870e-01	-8.668612090999999742e-02	-5.242807656000000316e-01	-1.628598206999999909e-01	1.355668756999999891e+00	-2.553858334000000063e+00	-9.961320798999999671e-01	1.065299600999999985e+00	-8.805214220999999508e-01	-1.516651782999999920e+00	-5.573471577999999926e-01	1.061638113999999966e+00	3.404271596999999816e-01	-1.375039004000000009e+00	-1.094832581999999999e+00	-9.627325438999999596e-01	-1.862522692999999951e-01	-9.549036094999999724e-01	-2.322725236000000137e+00	1.513757181999999979e+00	-1.484942286999999972e+00	-9.924010929000000036e-01	-1.326183332000000048e+00	-1.173886304000000047e+00
8.520399993999999699e-02	-1.290285612999999998e+00	7.347646112000000285e-01	-1.054444748999999959e+00	-5.392458600999999740e-01	-1.173190815000000109e+00	1.125561536999999945e-01	6.583227006999999853e-01	-2.942510877999999774e-01	-9.729590767000000362e-01	2.034933161000000101e+00	-1.419197397000000027e+00	2.889434370000000252e-01	3.150352134999999887e+00	-2.646425135999999970e-02	-1.888387905999999949e+00	2.962394643999999855e-01	1.599898747000000065e-01	-3.585781825000000089e-01	-9.078126758000000240e-01	-1.724979749999999923e+00	6.283217433000000129e-01	-1.807251217999999993e-01	1.158855549999999957e+00
-9.598288535999999552e-03	1.255771463999999948e+00	1.009828661000000016e+00	6.587171724000000506e-01	5.690380451000000006e-01	-1.012791868000000095e+00	9.187987880000000329e-01	9.936747027000000232e-01	1.737201801999999906e-01	-1.134123110999999962e-01	1.076718115000000031e+00	-4.195817089000000166e-01	7.603467347000000265e-01	-3.124061295000000182e-01	-1.099788195999999996e+00	1.537148342000000112e-01	1.230418980999999912e+00	2.222420566999999902e+00	-8.301145901999999743e-02	1.157079921000000011e+00	1.759603234999999932e+00	1.526725375000000051e+00	2.545148440000000178e-01	7.132637104000000283e-01
2.442684810999999900e-01	2.582119239999999816e-01	-5.588013168000000030e-01	1.778206286000000080e+00	2.222881722999999976e+00	6.329372224000000546e-01	-1.197965600000000075e+00	9.540694027999999660e-01	-1.224572941000000026e-01	6.157500620000000424e-01	-2.638843498000000010e-02	5.702393767000000224e-01	7.639715668000000015e-01	-2.107271692000000085e-01	7.587490378000000257e-01	-5.636034465999999465e-01	-4.196099044000000111e-01	1.348747335000000103e+00	6.156466798999999934e-01	-4.348654339999999952e-01	-4.154951186999999990e-01	-3.167105749999999942e-01	-1.072193486999999945e-01	-2.117242738999999929e+00
2.530040706000000195e-01	-1.109893913000000065e+00	-1.855974130999999971e+00	-9.064378587000000431e-01	8.291930735000000441e-01	-1.135357573000000064e+00	-1.908720452000000067e+00	1.831889656999999933e-03	-2.939099209000000101e-01	9.321582764000000410e-01	-1.762861988999999963e-01	1.805426050999999976e+00	-5.283111194999999816e-01	9.800569383999999662e-01	2.781768642999999930e-01	6.370549730000000244e-01	-2.158873843000000126e-01	-2.529842782999999762e-01	-3.314245742999999966e-01	-5.606627560000000399e-01	-1.670624145999999977e+00	-3.828475972000000005e-01	4.046861833000000019e-01	-1.234653118999999924e-02
3.442229158999999816e-01	-2.061783994999999869e+00	-1.542193533000000061e+00	1.124688877000000087e+00	-7.905080479999999632e-01	-5.937507834999999901e-01	-1.900873830000000098e+00	4.550213986000000155e-01	1.921367875999999975e-01	2.097979272000000117e-01	3.171267959999999886e-01	-1.351621803000000011e+00	1.083208714000000045e-01	9.255774558999999568e-01	1.474367307999999988e-01	1.039702668000000108e+00	-5.629536221999999895e-02	9.934369472000000034e-02	7.440526278000000326e-01	-1.564731120999999892e+00	-6.561539785000000680e-02	-6.014217837000000039e-02	1.256724885000000125e-01	-4.959122435000000162e-01
3.694791557000000060e-01	-1.438091629000000093e+00	-7.915734003000000074e-01	-1.486300661000000134e-01	-4.513883016999999942e-01	3.746990859000000063e-01	-1.226268179999999930e+00	9.029073993999999770e-01	1.330173932000000003e-01	1.131056977000000074e+00	3.599175118999999867e-01	2.046212398000000210e+00	-2.494973480000000077e-01	-2.192121037999999800e+00	1.800158321000000061e+00	1.555637740999999963e+00	8.939858255000000531e-01	6.443015985000000168e-01	-1.945236863000000094e+00	-1.362398129000000013e+00	2.021497349999999971e-01	1.286675261999999931e-01	-9.178433121000000305e-01	-1.142018672999999929e+00
3.528658398999999779e-01	-1.932782599999999906e+00	-8.804240477000000453e-01	-7.584256132000000150e-01	6.064740175999999705e-02	4.102828358000000231e-01	-6.033946913000000078e-01	5.157601399000000253e-01	-8.100924886000000491e-01	4.085702090000000175e-01	4.049324800999999918e-01	7.795093592999999821e-01	-2.733428889000000250e-01	-8.100246993999999923e-01	-8.807417860999999792e-01	-8.706401839999999837e-01	-5.557676621999999567e-01	7.570454639000000485e-01	-9.455593483999999993e-01	-2.085705734999999894e+00	-1.011431516000000030e+00	-1.472570246000000083e-01	-9.617419449999999870e-01	1.254448154999999954e+00
2.384551279000000079e-01	-2.639015440999999962e-01	7.794835808000000199e-01	-7.413846893000000104e-01	-2.054083072000000010e-02	6.751872982999999884e-02	6.714318622999999597e-01	1.354785117000000039e+00	-1.133606942000000006e-01	1.408589308999999901e+00	2.237873524999999919e+00	-3.873859382000000018e-01	-7.201649673000000140e-01	8.815582826000000205e-01	-9.057104537000000288e-01	-9.896990490999999501e-01	-1.519497682999999988e+00	1.824236077999999983e+00	8.464545157999999736e-01	6.756465364000000529e-01	1.102618010999999898e+00	1.456188870999999940e+00	9.593991382000000012e-01	-5.543913656999999856e-02
5.343605265000000298e-02	1.056373490999999998e+00	-4.961124485999999778e-01	1.169087194999999912e+00	2.147498477000000072e+00	1.573204039999999970e-01	6.646539629000000615e-02	3.422236794999999887e-01	-8.618320440000000193e-01	7.551377651999999774e-01	-5.710518171999999677e-03	3.271898240000000069e+00	2.009178241999999948e+00	6.302603648000000280e-01	-1.936276275999999907e-01	-4.626256266000000061e-01	3.331608046999999795e-01	1.597662944000000085e+00	-4.735787665999999924e-02	1.227213213999999997e-01	7.580159907000000308e-01	-4.553474343000000202e-01	-7.425304996999999574e-01	-8.419935844999999475e-01
2.361925880999999894e-01	-8.518741532000000394e-01	-1.723448692999999921e+00	-9.845000418999999559e-01	1.316351427000000074e+00	1.140739161000000057e-01	-6.720183371000000294e-01	6.841868370999999449e-01	-1.869132897000000071e+00	2.938437324000000017e-01	-7.403863657999999459e-01	-5.188218731000000528e-01	1.052228386999999987e+00	2.594069514000000090e-02	9.708920852999999851e-02	-1.158664764999999930e+00	-1.298809509999999889e+00	3.259168655999999942e-01	3.993322169999999893e-01	-2.125430009000000009e-01	-3.204869003000000022e-02	-7.489905751000000000e-01	-9.842989558999999666e-02	7.987673943999999970e-01
3.394896711000000011e-01	-1.730799570000000065e+00	-1.768922368999999994e+00	1.979830848999999948e-01	-1.115163278999999896e+00	-1.207466374000000009e+00	1.174534893999999996e-01	1.654278372000000108e-01	-5.127666176999999825e-01	4.185854453000000253e-01	6.910773275999999576e-01	2.742233244000000236e-01	9.392338729000000441e-01	1.281536518999999985e-01	-1.443479084000000023e+00	-1.352220439000000107e+00	3.600991794000000246e-01	-1.092516760999999968e-02	3.106304981999999937e-01	-7.903287302999999486e-01	-1.503458414000000132e-01	-1.294082115999999893e-01	8.678331211999999739e-02	1.712716254000000049e+00
2.099093029999999915e-01	-8.073659685999999835e-01	-3.520579429999999843e-01	3.835789816999999879e-01	-1.901811640000000025e+00	8.550038188999999900e-01	1.016664441999999946e+00	1.205655621000000011e+00	-2.111121006999999994e-01	1.433039858000000055e-01	1.183143977999999930e+00	-8.206101245000000377e-01	1.636515581000000052e+00	-8.468181019999999615e-01	8.128612620999999816e-01	-7.281526772999999952e-01	-3.227353944999999946e-02	2.044541213999999940e-01	1.394068750000000134e-01	-4.587065458000000318e-02	8.740581466000000299e-01	8.660595947000000461e-01	3.723592103999999736e-01	5.713873259999999732e-01
6.083996329999999952e-01	4.508242235000000098e-01	-2.959478665999999980e-01	-6.073169679000000043e-01	-7.106155634999999915e-01	1.022390227999999901e+00	1.334181931999999904e+00	1.439202140999999990e+00	-2.474172129999999969e-01	-6.165586854999999950e-02	1.105734262000000051e-01	3.603445170999999836e-02	2.242346833999999955e-01	-8.169456620999999974e-02	-7.691724707999999522e-01	3.661293150000000107e-01	-1.541996184999999908e+00	1.265183377000000053e+00	-3.434741988000000190e-01	-1.743121360000000064e-01	2.517107617000000075e-01	4.939644550999999773e-01	-1.949947774999999991e-03	-2.653982764999999744e-01
4.885956469000000135e-01	4.647801869000000030e-01	-4.941572068000000262e-01	-1.128860892000000060e+00	-2.762715964999999940e-01	-1.577695964999999978e+00	-6.104960905000000188e-02	6.144764190000000514e-01	-9.999114774999999511e-02	8.149209698999999585e-01	1.001639350000000039e+00	-1.707305595999999981e-01	1.226973340999999995e-01	7.053824780999999877e-01	2.664743078999999848e-01	-2.700041697000000185e-01	1.817656639999999935e-01	6.630688468000000002e-01	3.442926787000000211e-01	1.908389246000000150e-02	-7.162719801000000386e-01	3.581984878999999733e-01	-2.419502892000000016e-01	2.917968742000000004e-01
3.468146135999999879e-01	4.270723914999999954e-02	-3.690096230000000088e-01	8.428674317000000027e-01	2.000550607000000092e-01	-2.614947927999999866e-01	3.308945287999999763e-01	3.576884173000000056e-01	4.179222425999999935e-01	1.038662798999999914e+00	1.862963061000000087e+00	-5.480547929000000040e-02	7.037862894999999952e-01	6.028420155999999475e-01	-1.733193626000000043e+00	-5.690525733000000308e-01	1.574386169000000057e+00	-3.339334894000000054e-01	-8.311327983999999836e-01	-2.997879156999999975e-02	-4.876831261999999834e-01	1.005633889999999919e+00	5.657097610000000332e-01	1.297872219000000049e+00
3.629342293999999747e-01	2.769562407999999754e-01	-1.606517004999999942e-01	1.271866039000000059e+00	-1.122428632999999953e-01	-1.059948923000000008e-02	5.947201561999999608e-01	5.242439359999999660e-01	1.721754816000000132e-01	-6.188672928999999767e-02	2.025758179999999964e+00	-5.063637779999999866e-01	9.552143983999999977e-01	-1.590967782000000108e+00	5.537145351000000160e-01	2.982504845999999765e-01	4.117686515000000269e-01	-9.756775026999999767e-01	1.316635647000000020e+00	-1.765226195000000053e-01	2.490329407999999911e-01	3.758844984999999972e-01	9.998227396000000100e-01	1.366834489000000041e-01
4.815976906000000168e-01	4.268453059000000271e-01	6.185887606999999899e-02	7.565761132999999639e-01	-4.091634040000000083e-03	1.166936812999999962e+00	3.991444378999999820e-01	6.848376382999999956e-01	-3.572180789000000134e-01	-7.034537130000000360e-01	1.189653805999999925e+00	-8.826791818000000178e-02	1.378506809999999971e+00	-2.388696470999999988e-02	1.943031877999999990e+00	-4.061511093999999739e-02	-1.092351749000000094e+00	-3.136488246999999951e-01	-5.921838930999999695e-01	4.862764797999999944e-01	4.083295994999999734e-01	-1.310515593000000090e-01	-2.121203923999999963e-01	3.277072856000000090e-01
7.801648404000000037e-01	1.463558346000000121e-01	-1.752426972999999999e-01	-1.279246568000000028e+00	-5.757763979000000282e-02	1.454565002999999912e+00	9.795668831999999604e-01	9.881904041000000305e-01	3.738515142000000124e-01	-1.059712994000000075e+00	1.074004245000000024e+00	4.761017054000000193e-01	7.657722744999999331e-02	3.489732864000000268e-01	-9.234404175000000548e-01	-1.764522708000000051e-01	-6.431772315999999545e-01	-4.141996895999999762e-01	2.694848177999999983e-01	-5.129904795999999656e-02	-3.037810194000000186e-01	-4.396933178999999914e-01	-6.403080823000000255e-01	5.060874200999999628e-01
6.876686012999999598e-01	5.514560386000000314e-01	-1.267590217000000019e-01	-1.231000343000000052e+00	-4.928023121999999812e-02	-1.382734381999999984e+00	-6.623940289999999398e-02	3.973395125999999999e-01	1.581391600999999980e+00	-7.023114001000000384e-01	9.561235464999999767e-01	4.353822111000000272e-01	-1.421607541999999891e-01	2.149465868999999862e-01	4.582033805999999876e-01	-9.937332133000000012e-02	-1.056635748000000000e-02	-6.928005586000000049e-01	2.049759680000000195e+00	-3.536932951000000269e-01	3.342014100999999848e-01	1.555757229999999991e-01	-3.181631676000000186e-01	1.301987717000000044e+00
6.238012592999999661e-01	7.236250939999999687e-01	5.698402913000000236e-02	-1.159967270000000106e+00	5.608902712000000124e-01	-6.671861742000000373e-01	-1.739566608999999930e+00	6.657342945999999984e-01	1.506148990000000021e+00	-4.331360265999999876e-02	4.839496024000000118e-01	4.685968682999999690e-02	6.587548232000000059e-01	1.834913468999999964e+00	4.941578849000000107e-01	-1.530463515000000108e-01	3.652735422000000232e-01	-1.166448026000000082e+00	2.106381159000000058e-01	3.997312051999999949e-01	1.074065094999999914e+00	1.393785017999999987e+00	8.310422037000000373e-01	-7.406211579999999461e-01
5.660308592999999666e-01	3.994567976999999770e-01	-5.833669364000000357e-01	1.236501619999999940e-01	8.826756480999999877e-01	-4.795338214000000043e-01	-1.628952599000000001e+00	-1.139592655999999982e-01	-7.391722875999999776e-01	1.485483025999999873e-01	-1.391040087000000036e-01	3.404319192999999966e-01	1.778784294000000044e+00	5.894411841000000152e-01	-1.284951245000000020e+00	7.559073865000000003e-01	1.303690546999999977e+00	-1.023469844999999934e+00	6.496024245999999502e-01	-1.163949592999999894e+00	-5.374917140999999621e-01	2.865512035000000068e+00	3.913522650999999852e-01	-5.598281697000000445e-01
7.413066559000000000e-01	-7.325591826999999778e-01	-1.197526290000000104e+00	1.018328466999999904e+00	3.487388311999999879e-01	8.758054264000000311e-01	-1.467761306999999960e+00	7.507576801999999994e-01	-1.283677603999999972e+00	5.588874573000000151e-02	-3.662181362999999967e-01	-7.426429988999999621e-01	1.015434409000000038e+00	-7.163696290000000078e-01	5.322024225000000497e-01	-9.569568721000000500e-02	7.003126023000000311e-01	-1.549317988000000090e+00	1.029312750000000110e+00	-1.467671817999999906e+00	-7.575261954999999992e-01	2.002003578000000061e+00	2.571754037000000270e-01	-8.428523815999999780e-01
8.890511381000000268e-01	-7.153110389000000291e-01	-1.031356192999999921e+00	-3.573467625000000258e-01	-5.967253012000000023e-01	1.625244973999999898e+00	-1.465384041000000082e+00	7.660492219000000214e-01	-7.953838654999999536e-01	6.892556418999999934e-01	-9.334496703000000339e-02	-1.911025463000000091e-01	-4.473881698000000129e-01	2.660293199000000053e-01	6.966362058999999718e-01	2.432125629000000122e-01	-4.975787316999999987e-01	-1.021428350999999957e+00	1.465328801000000125e-01	-9.190968347000000316e-01	-6.438849245000000110e-01	1.791427955000000072e+00	9.526373414000000039e-02	3.605256940000000077e-01
1.030653339999999973e+00	-5.897000212999999880e-01	-7.341013526999999872e-01	-1.080459630000000004e+00	-9.790041634999999687e-01	-1.095696900999999945e+00	-8.060827375000000350e-01	5.666531386999999753e-02	-2.360383701999999861e-01	1.617356108999999931e+00	2.266191683000000068e-01	5.877891690000000002e-01	-4.709595764000000240e-01	7.707154081999999518e-01	-3.371965050999999880e-01	-5.458992298000000520e-01	-2.508329777000000149e-01	7.045314393000000341e-02	1.520693293999999973e+00	5.901361647999999738e-01	-6.036693921000000351e-01	1.399854404000000052e+00	2.925217775000000242e-01	7.654561795000000002e-01
7.545558636000000430e-01	-5.387569755000000127e-01	-7.452398219000000434e-01	1.487350495000000050e+00	-1.546509221000000045e-01	-5.404982422999999869e-01	4.307674705000000270e-01	-1.523917921999999869e-01	-7.436580040000000391e-01	2.409175229000000140e+00	4.719466766000000035e-01	5.043928645999999905e-01	1.328059018000000036e+00	1.436044620999999966e+00	4.563909299999999725e-01	-1.215471084999999896e+00	1.378260735000000070e-01	6.014509084000000394e-01	1.831618063000000143e-02	-8.297856823999999465e-03	-9.099455308999999659e-01	-2.792776274000000059e-01	-2.997672109999999779e-01	7.313848991999999383e-02
6.014968283999999610e-01	-1.094164751999999963e+00	-6.902367333000000160e-01	-1.277509161000000004e-01	-6.262862570999999656e-02	1.555475163000000105e+00	5.722351964999999874e-01	5.976412401999999791e-01	-1.410293054999999907e+00	2.610905450999999822e+00	5.789960333000000459e-01	-4.071230684000000100e-01	7.847594231000000198e-01	-2.624015947000000182e-01	6.052002447000000007e-01	-3.038369080000000166e-01	-9.256362420999999507e-01	2.922779268999999847e-01	7.315136507000000177e-02	3.434058841000000029e-01	-1.149594570999999954e+00	-5.594603048999999828e-01	4.523167269999999740e-01	2.760782157000000181e-01
5.135415903000000171e-01	1.635194597000000083e-01	-5.432166492999999756e-03	-1.276757630000000088e+00	-4.860908606000000076e-01	-3.379419285999999967e-01	1.266968443999999971e+00	1.936674449999999936e-01	-5.393940022000000001e-01	1.257025736999999976e+00	1.536390389999999995e+00	5.542752811000000168e-01	3.704432845000000252e-01	-8.351477339000000499e-02	-3.453009261000000163e-01	7.834413011999999954e-01	-1.128128805000000012e+00	7.161413997000000420e-02	1.399171283000000043e+00	1.186556146999999894e+00	1.123608983999999957e-02	-5.852462958999999909e-01	7.663702028999999638e-02	2.782510990000000017e+00
7.591308866999999516e-01	9.128695115999999610e-01	2.874248387000000182e-01	-1.013187987000000012e+00	5.431189075000000255e-01	-1.047347822999999956e+00	1.024149756999999938e-01	5.062395849999999919e-01	-1.140968807999999945e-01	-1.071279834999999903e+00	1.193761217000000041e+00	-2.373661971999999898e-01	8.837606249999999664e-01	1.391204684999999941e+00	2.464883941000000078e-01	8.044756644999999651e-01	-1.609887200000000018e-01	-7.601222420000000035e-01	3.454408684999999979e-01	1.780202644999999917e+00	2.085687866999999862e+00	-1.124842915999999970e+00	1.174903360000000063e+00	3.367310503000000010e-01
6.306837614000000425e-01	8.838170808999999961e-01	7.529204204999999372e-02	-1.164570899999999992e-01	6.895419207999999855e-01	-9.718982976999999968e-02	-4.640798442999999884e-01	1.022041624000000065e-01	-4.478393820999999886e-02	-1.361955838999999946e+00	-6.523458081999999880e-01	-3.312513599999999947e-01	1.810649208000000066e+00	1.126960409000000052e+00	-1.098946382000000055e+00	2.943177448999999779e+00	1.288647155000000044e+00	-5.315361355000000065e-01	-4.899045665000000271e-01	-8.210561751000000630e-02	-7.898025535000000041e-02	-4.106362300999999992e-01	3.684552280999999763e-01	9.555295872000000301e-01
1.434806489999999934e+00	-5.092622538000000088e-01	-1.893369742000000078e-01	9.492006498999999708e-01	-1.695532200000000045e-01	1.085383804999999979e+00	-1.186504414999999923e+00	5.775691349999999558e-01	5.455942072000000143e-02	-1.777636929000000032e+00	-6.609484781000000142e-01	1.076206967999999986e-01	-1.675183463999999900e-01	-6.579349504000000515e-01	-9.128304387000000242e-01	6.142427260999999694e-01	2.030367669999999958e+00	-3.263127816999999986e+00	5.908221352000000426e-01	5.242516959999999893e-01	-3.375025562999999784e-01	-1.723498492000000049e+00	5.019927798000000330e+00	-5.226626446000000314e-02
1.139061013000000067e+00	-9.925704454000000565e-02	7.366640211999999632e-01	-1.196668225000000030e+00	-8.320237087999999837e-01	-2.925504120000000166e-02	4.274463124999999808e-02	-6.611346784999999615e-01	2.136144322999999901e-01	5.542618562000000138e-01	1.300230647000000017e+00	-4.487486218999999776e-01	1.646704748999999968e+00	7.467335847999999610e-01	-6.375144124999999606e-01	-1.131310239999999911e+00	1.908298849999999991e+00	-1.528352968999999950e+00	-1.206165182999999974e+00	5.260975817999999915e-01	-1.166293036999999977e+00	1.417277127000000081e-01	2.354922108999999875e+00	-4.622256774999999873e-01
9.728017665000000536e-01	4.738339860999999931e-01	-3.467645709000000132e-01	2.084052044999999964e+00	7.673010784999999556e-01	6.759325188000000172e-03	1.216621713000000105e+00	-4.090812857000000191e-01	-7.064651280000000533e-01	-5.185023394000000119e-01	1.030113752999999965e+00	8.170058222999999897e-02	-2.379472679999999982e-03	-3.260392315000000263e-01	-7.969114229000000271e-02	-6.958814977999999707e-01	1.950136819999999993e+00	-6.998145602999999992e-01	1.511817983000000032e+00	-3.449556302999999824e-01	-1.078338581999999990e+00	-4.700267967999999796e-01	3.024633421999999849e-01	8.064996279999999684e-01
7.491155283000000553e-01	-4.145815761000000155e-01	-9.840030558000000260e-01	9.921084061999999593e-01	1.155681530999999929e+00	-2.871488569999999796e-01	1.935982768999999992e+00	-4.101809492000000112e+00	-1.283070260999999990e+00	-1.536881575000000000e+00	1.926766272999999863e-01	2.705353058000000144e-01	5.662083809000000301e-01	-9.987296315999999452e-01	1.806263219999999947e+00	-1.186966420999999938e+00	-6.778626184999999582e-01	5.576878531000000194e-01	-9.214359435999999737e-02	-1.761922611999999999e+00	-1.165898549000000006e+00	-5.029407027000000197e-01	4.217366842999999754e+00	-1.130464085999999924e+00
8.003965915999999847e-01	-8.020907369999999981e-01	-1.264142993000000104e+00	1.020390204999999995e+00	8.574474927999999885e-01	5.614984575000000477e-01	1.072164910999999998e+00	-4.799596113999999858e+00	-4.112405209000000172e-01	1.869444863999999984e-02	2.001013726000000048e+00	-5.689228396000000076e-01	-1.794034287000000061e-01	-3.723932253000000192e-01	1.361877208999999977e+00	-6.141760902999999772e-01	-1.324701261000000019e-01	-8.870682654999999528e-01	-8.923876091000000343e-01	-3.013484760000000040e-02	-5.228747548000000078e-01	7.788894092999999463e-01	-3.188880398999999755e-01	3.885047721000000065e-01
1.314192419000000056e+00	-8.790831514000000402e-01	-1.469036046000000040e+00	5.027575800000000372e-01	5.332647578000000443e-01	9.735623774999999647e-01	-2.595999835999999727e-01	-3.052366060999999853e+00	-1.242436901000000038e+00	-1.321831642000000029e+00	1.140936332000000109e+00	-1.126105377000000018e+00	7.379116681999999816e-01	-1.281026735999999944e-01	2.295930515999999866e+00	-2.875908464999999969e-01	-4.062412834999999944e-01	-1.645166923999999975e+00	3.731227105000000099e-01	-3.141834293999999916e-01	-4.125284458999999848e-01	-8.044234585999999743e-01	2.562868221999999863e-01	-1.425246945000000043e+00
1.086779911999999904e+00	-8.207382434000000115e-01	-1.070364612999999965e+00	2.967402146999999907e-02	-9.880663016000000576e-02	2.020567032000000207e+00	-2.742164888999999994e-01	-2.711245831999999911e+00	-1.381768517999999890e+00	-1.792107530000000004e+00	7.246756273000000137e-01	-9.358349008999999885e-01	1.232754538000000039e-01	3.667380284999999795e-01	7.075917228000000447e-01	6.954600060000000195e-01	-3.453901929000000037e-01	-1.124223994000000060e+00	-1.457223364000000077e+00	-4.866636999999999769e-01	-8.140765289000000404e-01	-4.125193422999999804e-01	-1.038145110000000093e+00	1.590252731999999947e+00
1.385095900999999907e+00	-1.012635047000000066e+00	-4.923411732999999901e-01	-9.739771098999999710e-01	-4.049353193999999934e-01	9.327860805000000033e-01	4.994881265000000042e-02	-2.416937583000000167e+00	-5.266865512999999721e-01	-2.256933921999999981e+00	-4.013253754000000173e-01	-1.797626699000000050e-01	-5.943782001999999842e-01	1.440680312000000018e-01	-9.845394685999999673e-01	1.061136196999999948e+00	-7.497119074000000438e-01	-1.571019056999999997e+00	1.906260344000000106e+00	-1.710702047000000128e-02	2.592570954000000261e-01	5.045849795000000027e-02	-1.117029787999999968e+00	1.200863991999999936e+00
1.348048711999999982e+00	-2.430871689000000113e-01	8.979434643999999466e-01	-1.659360793999999917e+00	-5.177172048999999499e-01	-7.679452706999999601e-01	-1.156935188000000059e-01	-1.335110911999999983e+00	-1.579131897999999923e-01	-1.329823600000000106e+00	7.994739060000000119e-02	-9.891937688000000672e-02	1.084164200999999939e-01	4.715264349000000133e-01	3.196590515000000132e-01	1.638565041000000111e+00	1.118112556000000063e-01	-9.306363294999999702e-01	1.610269347000000018e+00	5.087590625000000255e-01	1.209802500999999975e+00	-3.984766585999999916e-02	-1.609770490000000054e+00	1.619499528999999993e-01
1.474532591000000004e+00	5.359247968999999445e-01	7.880649122999999756e-01	-6.602428272000000486e-01	5.815137680999999947e-01	-1.602069017000000040e+00	-9.391997113000000175e-01	-3.539206829000000054e-01	-1.785782017000000055e+00	-1.131123708999999922e+00	6.696431019000000096e-02	1.438921659000000075e-01	2.442952907000000007e-01	-1.356195980999999939e+00	-5.542715580999999503e-01	4.712115246999999674e-03	5.761985555999999953e-01	-5.936225920000000045e-01	-5.643847969999999936e-01	2.045123263999999885e+00	7.053667943000000440e-01	-1.489159699000000003e+00	-8.715080533000000296e-01	-1.156304291000000095e+00
1.180291642000000030e+00	-2.459431217000000031e-02	1.965802547000000011e+00	-9.304172410000000060e-01	3.398112573000000025e-01	-7.086338470999999917e-01	1.059817827999999934e-01	-1.170434938000000091e+00	-1.145457300999999983e+00	5.462546624999999739e-02	9.091595115999999699e-01	-7.765388592999999950e-01	-7.590242246000000401e-03	3.116546433999999977e+00	-5.634008993000000354e-01	-3.852722028000000187e-01	-3.681631939000000187e-01	4.600645431000000007e-01	1.015381768999999990e+00	-5.309534965000000106e-01	-5.134257418000000017e-01	-1.006320491000000095e+00	2.760225521999999931e-01	2.558668595999999962e+00
9.863935654000000053e-01	1.701742947000000061e+00	1.437355275000000043e+00	8.009179060000000128e-01	1.032361788000000002e+00	8.447354334999999936e-02	-9.012049402999999792e-01	-9.092405974999999696e-01	7.669983851999999658e-01	3.859241486000000165e-01	-4.605622138000000088e-01	9.003433365999999882e-01	9.681580329000000207e-01	4.704119001999999827e-02	-4.292357596999999969e-01	1.086144693000000050e+00	1.849954220000000094e+00	-3.253399475000000041e-01	6.275530079000000150e-01	1.716899559000000020e+00	2.816662738000000221e+00	7.234839172000000485e-01	4.809105882999999970e-01	8.064004194999999653e-01
1.210360168000000014e+00	6.416014182999999482e-01	1.184642942999999948e-01	1.239360202999999938e+00	1.781129855999999956e+00	1.412754223000000087e+00	-2.607899004000000076e+00	-1.720910342000000037e+00	3.847898729000000240e-02	1.179765116000000003e+00	-1.631934926000000008e+00	6.643907138000000323e-01	1.157603093000000083e+00	7.133994403000000206e-01	4.566125556999999779e-01	-5.849921848000000368e-01	-7.703737160000000417e-01	-6.749416588000000106e-01	4.289618014000000090e-01	-1.065892426000000004e+00	-1.174759757999999987e+00	-1.226283261000000069e+00	8.420204951999999965e-01	-1.320985716000000032e+00
1.001890246999999956e+00	-1.349469832999999896e+00	-1.295679362000000001e+00	-7.439448770000000044e-01	-3.408983953999999983e-02	3.979807644999999727e-01	-1.555452303000000036e+00	-1.535849674000000054e+00	-3.622212596000000118e-01	6.435090689000000364e-01	-2.063785130999999939e+00	1.219989586999999931e+00	1.520892566999999973e+00	5.716183086999999663e-01	-4.405714437000000094e-01	-1.045572391999999962e+00	1.466570885999999962e+00	-2.169912774999999794e+00	1.187256714999999963e+00	-1.748385483999999879e-01	-1.494371547000000078e+00	-8.665591111999999541e-01	5.326877757000000055e-04	6.464125246999999908e-01
1.308046948000000098e+00	-1.983173641000000043e+00	-3.543620279999999956e-01	-2.000324464999999885e-01	-1.576094384999999987e+00	9.597155526999999742e-01	-1.326140311999999932e+00	-7.822855087000000207e-01	2.250184644999999872e-01	-1.473188300999999922e-01	-1.993361452999999894e+00	-1.602948805999999893e+00	1.286061772999999908e+00	-5.560205056000000479e-01	4.591445765000000123e-01	-1.434117918999999963e+00	-1.909791503000000112e-01	-2.293876002000000192e+00	-1.001301327999999935e-01	-7.355807062000000451e-01	-8.520751084000000031e-01	2.258850697999999907e-02	-1.573487516000000030e-01	6.924672407999999946e-01
1.352933877999999979e+00	-9.486981722999999755e-01	1.171472306999999935e+00	-1.447079865000000076e+00	-1.907711331000000010e+00	1.570747458999999902e+00	8.035407051999999828e-01	-3.023847080000000020e-01	1.020298581999999898e+00	6.086388681999999745e-02	-9.545778886000000352e-01	5.546053532000000397e-01	6.028228815999999712e-01	2.529728447999999852e-01	-6.422682936000000398e-01	-7.072684255000000197e-02	-6.507261542000000176e-01	-2.007535954000000178e+00	6.920403341999999958e-01	1.804153876000000045e-01	-6.713990146999999631e-01	9.683228998999999781e-01	3.227585255000000042e-01	-4.836746303000000191e-01
1.423897015999999960e+00	5.326556077999999861e-01	1.989457594999999968e+00	-1.152551703999999955e+00	-2.938476803000000248e-01	-1.428245597000000089e+00	8.140502781999999771e-01	-1.775180994999999984e-01	6.446879322999999884e-01	3.107427064000000128e-01	-1.388986795000000107e+00	-6.042270214999999611e-01	7.440458862000000062e-01	6.918126576999999999e-01	1.447708996000000026e-01	7.391971429000000482e-01	-5.037785599999999864e-01	-6.574835545999999642e-01	9.810631494999999536e-01	1.168896627999999938e+00	-1.708525486000000093e+00	7.134720247000000404e-01	8.155906241999999473e-01	4.036589567000000156e-01
1.113814743999999912e+00	8.915971517999999874e-01	1.278692165000000047e+00	1.055112818000000008e+00	8.360341333999999902e-01	-1.326395035000000056e-01	6.373495866999999704e-01	-9.175438834000000377e-01	7.558987322000000342e-01	6.004256825999999547e-01	-1.987803038000000022e+00	1.008733821000000086e+00	1.269703239000000039e+00	7.554912066000000204e-01	-1.326680252999999921e+00	1.092432583000000068e-01	1.160273611999999899e+00	-3.086233469999999923e-01	-2.650837776000000146e-01	1.758847398999999978e+00	-1.672956616000000063e-01	-3.606773808000000026e-01	1.618244376000000040e+00	1.946149804000000039e+00
1.320291083000000087e+00	-7.020533446000000177e-01	4.332934204999999706e-02	1.197996768000000101e+00	1.238933870000000104e+00	1.169184548000000046e+00	-1.478149941999999939e+00	-4.435856639999999906e-01	-1.975244831999999895e-01	5.962003842999999970e-01	-7.646801430999999871e-01	-4.722072327999999874e-01	9.822595276000000153e-01	-4.503441275000000243e-01	-3.822536622000000106e-01	-1.082003703000000039e+00	-7.739410826999999771e-02	-1.194144011999999977e+00	6.300774604000000112e-01	5.399325454000000191e-01	3.629170876999999740e-01	-1.027198537999999939e+00	1.808187782000000077e+00	-1.163454119000000064e+00
1.210426750999999967e+00	-8.168614971000000002e-01	-6.536950562000000131e-01	-6.964630255000000547e-01	-3.303776796999999821e-01	2.433986002999999787e+00	-4.269889186999999975e-01	-3.937150018999999723e-01	-1.234996973000000109e+00	8.767215888999999596e-01	-3.678901589999999944e-01	3.192327294000000037e+00	2.161609394000000087e-02	5.970601915000000037e-01	1.393640717999999890e+00	-9.063733859999999476e-01	1.527194952000000105e+00	-5.721073602999999785e-01	-5.648687718999999552e-01	-1.297979060999999990e-01	-4.757919161999999980e-01	-1.941800364000000056e-01	7.523510250999999593e-01	-6.390935499000000020e-01
1.420646728999999997e+00	-1.460099277000000084e+00	-8.759424569000000549e-01	-8.037411760999999544e-01	-5.238876243000000210e-01	-5.707970086999999970e-02	-1.745876165999999952e+00	-1.117626210999999925e+00	-1.086490034000000104e+00	1.530263487000000033e+00	-3.503628742000000074e-01	2.204051149000000098e+00	-1.820715287999999932e-01	-4.300740113000000031e-01	5.008222512000000126e-01	-2.368840372000000194e+00	5.875582060999999801e-01	-6.907211588999999652e-01	1.794076084999999932e+00	-1.358497341999999941e+00	-1.777592929999999960e+00	-7.133566915000000286e-01	-7.929932802000000044e-03	5.611962325999999557e-01
1.398575289000000055e+00	-5.226499105999999895e-01	6.702361310000000127e-01	-1.517088927000000087e+00	-2.045498852000000145e+00	-3.787911184000000153e-01	-1.125040246999999966e-01	-2.602031376000000229e-01	-1.305192866999999868e-01	2.141625159000000167e+00	1.706289817000000042e+00	-2.502103202000000026e-01	-6.305141666000000367e-01	1.342861695000000077e+00	1.362093023000000014e-01	-1.058005488000000049e+00	5.566146459999999907e-01	4.538238820000000118e-01	1.706822722000000070e+00	1.393835125000000064e+00	1.015610458999999910e+00	1.478282602999999862e-01	1.471436149000000082e+00	1.350415053000000087e+00
1.322942099999999899e+00	1.344509726000000072e+00	1.878019941999999887e-01	1.438937098000000026e+00	4.768936218000000005e-01	4.369964206999999989e-01	-8.574389228000000793e-03	-8.494171213000000220e-01	-4.406040645000000033e-01	8.745380039000000272e-01	-6.252865735000000535e-01	2.118850490999999892e+00	1.686167965000000102e+00	1.134819098999999998e+00	5.893733475000000332e-01	1.703310266999999989e-01	1.145021507000000049e+00	7.437368149999999956e-01	-5.278389576999999999e-01	5.831877672999999929e-01	1.669218362999999927e+00	-2.051685903000000089e+00	4.937692761999999957e-01	-5.675215930000000464e-01
1.550579034000000078e+00	-1.200538817000000036e-01	-1.251844042000000101e+00	3.463385850999999883e-03	5.174579202000000322e-01	2.240850099999999845e+00	-1.083684829000000072e+00	-6.344989662000000141e-01	-1.840848685000000096e+00	-1.155671035999999985e-01	-2.751091925999999965e-01	1.883008130999999918e-01	-2.463574701000000033e-01	5.606839380999999456e-01	2.306368678999999866e-01	-9.162512488999999816e-01	2.367360045999999940e-01	-5.014649080999999953e-01	6.815967925999999455e-01	-6.595123778000000492e-01	-2.862061859000000208e-01	-2.232903546999999822e+00	1.015705636999999939e+00	-1.735149599999999959e-01
1.600681953999999907e+00	-7.879511505999999832e-01	-1.377752834000000037e+00	-1.137847755999999988e+00	-9.914350194000000061e-01	-9.956725123999999871e-01	-8.953272308999999929e-01	-1.450308163999999955e+00	-1.699574440999999991e+00	-8.128048200999999917e-01	-4.598823975999999925e-01	2.149236334999999887e-01	-3.412782876000000076e-01	1.006994418999999974e+00	1.224524543999999937e-01	-1.054497135999999946e+00	2.081987731999999924e-01	-9.503005334999999887e-01	1.089686305999999938e+00	2.708973758000000065e-01	-1.346827896999999996e-01	-1.750583796999999997e+00	1.045931042999999949e+00	1.290633059999999999e+00
1.361061834000000026e+00	-8.913329957000000192e-01	-4.389684280999999744e-01	-5.668972848000000120e-01	-1.937633423999999938e+00	5.167275716000000463e-01	2.269487578000000116e-01	-1.269805210999999989e+00	-9.304789112000000362e-01	-5.362254932000000140e-01	-4.217909129999999895e-01	-6.406131926999999449e-01	7.459441825000000525e-01	1.604302027999999991e+00	-6.451729432999999680e-01	-4.872162056000000074e-01	2.291201389999999893e+00	-1.040630088999999980e+00	1.586606529000000043e-01	2.584851113999999880e-02	1.516632468000000067e+00	-7.078467406999999767e-01	5.715653830000000379e-01	7.011625303999999836e-01
1.547985941000000087e+00	-7.672632232999999635e-01	-7.469048981999999448e-01	1.942906679000000025e+00	-1.017748584000000012e+00	5.259831011000000167e-01	-3.326267501999999876e-01	-1.314784863000000081e+00	-1.051697164999999989e+00	2.623409587000000154e-01	-8.675848229000000522e-01	2.742918012000000072e+00	3.784881768999999729e-01	1.914733516999999885e-01	5.726859917000000078e-01	-7.715157958999999677e-01	2.088437694000000011e+00	-1.626118256999999900e+00	1.264625895000000000e+00	9.501184968000000453e-01	-2.587197661000000259e-01	-1.493012341000000021e+00	-1.086356963999999925e+00	-2.171125568999999977e+00
1.515739455999999930e+00	-1.771084408000000110e+00	4.228808216000000120e-01	4.905972450000000151e-01	-5.338977551000000377e-01	3.973833734000000173e-01	-6.879629441000000289e-01	-1.636557961999999922e+00	-1.110252016000000008e+00	1.403708125000000084e+00	1.267037119999999906e+00	-4.021101032000000131e-01	3.661500731999999814e-01	4.050477901000000269e-01	1.073967815999999909e+00	-7.818980233000000224e-01	1.742668249000000127e-02	-1.455069744999999970e-01	1.022625027999999991e+00	-8.639591245000000086e-01	-7.830169753000000288e-01	-1.598110525000000059e+00	7.811686131999999727e-01	-7.617303303000000358e-01
