-2.957414992000000076e-02	-3.165876751000000211e-01	-1.560994360000000025e+00	1.145390133999999893e+00	1.106282798000000067e+00	-1.096768095999999915e+00	-1.034178438000000089e+00	-1.593086774999999955e+00	-7.032132266999999715e-01	-1.541987919999999956e+00	-1.934503859000000103e+00	-1.873024687000000021e+00	-6.624619692000000004e-01	-1.498923983000000071e+00	-6.212457436999999638e-01	-1.001404178000000061e-01	-1.394297926999999993e+00	6.218835174000000299e-01
2.213550045999999882e-01	-2.089603372999999931e-01	-8.478326600000000157e-01	8.999265189999999803e-01	1.099197100999999899e+00	-1.815315677000000072e+00	-5.150346424999999728e-01	-6.347045614999999863e-01	3.617126702999999832e-01	-1.845145024000000022e+00	-1.691829435000000048e+00	-2.099764221000000042e+00	-7.857738376999999774e-01	-1.227119508999999997e+00	-7.069830963000000024e-01	-1.041256689999999985e+00	-1.700463566999999898e+00	5.810110040000000531e-01
-1.647100516999999986e-01	-6.954407977000000018e-01	-7.590141414000000086e-01	1.083413877999999997e+00	8.493146145000000091e-01	-2.068090688999999927e+00	-8.918903786999999861e-01	-6.903353443999999950e-01	1.950539381999999988e-01	-1.958125904999999944e+00	-9.306324970999999557e-01	-2.334579685000000016e+00	-9.204881287999999717e-01	-1.855259670999999999e+00	-1.109036370999999965e+00	-2.296556162999999984e+00	-1.463110872999999978e+00	-5.248359500999999483e-01
8.155014773999999522e-02	-3.789729868999999751e-01	-1.574507800999999985e+00	9.368780647000000128e-01	1.263676231999999899e+00	-1.123892016999999965e+00	-1.092676106000000091e+00	-5.096190130000000096e-01	-4.191641674000000095e-01	-1.319772543000000020e+00	-1.464752306999999920e+00	-2.075978867999999977e+00	-1.667440004999999892e-01	-9.527722359000000418e-01	-1.772711932999999906e-01	-1.966031410999999895e+00	-4.322604490999999993e-01	-1.523780872999999980e+00
1.410804084000000062e-02	-5.519415318999999487e-01	-7.952306544999999671e-01	1.001758885999999960e+00	9.676618747999999881e-01	-2.291654337999999846e+00	-6.609056325000000065e-01	-5.206511120000000270e-01	-1.011839506000000055e+00	-1.814106377999999964e+00	-1.240293984000000016e+00	-2.237600403000000071e+00	-2.282094959000000034e-01	-7.802456724999999871e-01	2.111918200000000023e-01	4.122800459000000028e-01	-5.035192789000000335e-01	-1.514897834999999970e+00
-5.409697595000000359e-01	-8.572616505000000275e-01	-1.210473903000000018e+00	1.107729873999999892e+00	7.897230227000000546e-01	-1.938431224999999980e+00	-7.045286591999999626e-01	-1.105111696999999893e+00	-1.243206532000000086e+00	-1.957696627000000023e+00	-1.401485966999999944e+00	-2.439966457000000144e+00	-1.367976537999999964e+00	-1.785904324000000098e+00	-5.433365126000000433e-01	1.831545672000000069e-01	-9.431013846000000367e-01	6.839817213000000118e-01
-3.739240659000000327e-02	-3.676008840000000166e-01	-1.731962863999999991e+00	1.084896596999999963e+00	8.983626396999999653e-01	-9.118639027999999591e-01	-7.894382565999999990e-01	-1.213248636000000102e+00	-1.028481106000000089e+00	-1.559888316000000108e+00	-1.870572702000000032e+00	-1.903348878999999938e+00	-3.165285146999999855e-01	-1.084175174999999935e+00	-5.696441622000000260e-01	1.766746563000000034e-02	-9.260790384000000541e-01	5.804143510999999478e-01
2.552266208000000258e-01	-3.333494202000000239e-01	-7.190490496000000453e-01	1.153992160000000045e+00	7.039833317000000479e-01	-1.913945411999999902e+00	-3.414925109999999986e-01	-7.045252626000000351e-01	-5.953528392000000391e-01	-1.610811983999999919e+00	-1.273145613000000065e+00	-2.579605835000000180e+00	4.199075635999999778e-01	-5.974895902000000314e-01	1.209417606999999917e-03	2.662516753999999986e-01	-5.065269184999999785e-01	9.560273072999999622e-01
5.714999429999999964e-02	-5.052509547000000323e-01	-7.569804973000000548e-01	1.155771110000000101e+00	1.050984064999999967e+00	-1.587733008000000057e+00	-7.950604638999999585e-01	-1.231184043999999922e+00	-9.746906355000000133e-01	-1.560068452000000105e+00	-7.337911714000000529e-01	-2.737361082000000057e+00	2.881901264999999768e-01	-1.254038833999999936e+00	-7.862718119000000616e-02	-2.059396535000000000e-02	-1.054641324999999963e+00	1.148147786000000004e+00
4.820410404000000093e-01	1.062943286999999959e-01	-1.111325120000000055e+00	1.127591696000000088e+00	1.058043842000000012e+00	-6.304001466999999970e-01	-5.227620458999999720e-01	-1.141789643000000076e+00	-7.229405375999999883e-01	-1.482055276999999949e+00	-1.618588947999999972e+00	-2.289428270000000154e+00	8.357441917000000275e-01	-3.902628606999999916e-02	2.826719307000000181e-01	6.031313142999999988e-01	-4.668768167999999830e-01	-2.997056626999999862e-01
6.650925438000000467e-01	2.494315651000000023e-01	-2.977675437000000258e-01	1.295627000999999945e+00	8.109245748000000198e-01	-1.746437320999999931e+00	6.740328610000000109e-02	-4.661277107999999836e-01	-4.044953881000000195e-01	-1.817675031999999913e+00	-1.081475361999999940e+00	-2.417184133000000124e+00	6.065364654999999550e-01	2.733460647000000160e-02	3.568398542999999812e-01	7.729115410000000352e-01	-1.061993761999999952e+00	9.815814713999999885e-02
5.415465029999999569e-01	3.367060376000000077e-01	-5.287560409999999544e-01	1.375507766999999992e+00	1.321093327999999900e+00	-9.997267035000000357e-01	7.229412165000000112e-02	-2.518119208999999858e-01	-4.567226193999999739e-01	-1.786508181999999945e+00	-1.230032516000000076e+00	-2.265683778000000093e+00	-2.361821480000000084e-01	-2.504961399000000255e-01	-1.270862727000000025e-01	9.951198428999999956e-01	-1.315086784000000009e+00	3.822971864999999969e-01
7.136099844000000081e-01	9.759134373000000195e-01	-4.895254998999999940e-01	1.609586820000000085e+00	8.169818171999999601e-01	-3.169468500000000022e-01	3.834562449999999734e-01	2.283582359999999922e-01	6.205097986000000093e-02	-1.577059841999999934e+00	-7.822013916000000178e-01	-1.810010000999999979e+00	1.606431003000000080e-01	7.794887834999999487e-01	-1.647267796999999923e-01	-8.874461788999999934e-01	1.088378220999999951e-01	-1.671817348000000036e+00
8.692023443999999932e-01	9.863670720999999642e-01	4.068685435000000128e-01	1.644503779999999971e+00	1.208315025999999959e+00	-1.269200616000000004e+00	4.945637661999999768e-01	1.358009991000000138e-01	1.630379060000000102e-01	-1.659108671000000035e+00	-3.978495431999999887e-01	-2.106415510000000157e+00	4.928731658000000126e-01	8.305311811000000155e-01	3.845420692000000029e-01	-1.248891865000000045e+00	-9.225758606999999722e-01	-4.841948904000000220e-01
7.223986152000000383e-01	9.354067654000000065e-01	1.977637621999999984e-01	1.474065964000000006e+00	1.105093212999999963e+00	-6.166197878000000410e-01	1.995610788999999941e-01	-1.130999023999999936e-01	-2.286173420000000012e-01	-1.637129548000000101e+00	-3.298205706000000015e-02	-2.420194985999999826e+00	2.260992252000000036e-01	7.828467611999999631e-01	2.652457094999999820e-01	-7.859298986999999626e-01	-1.691418807000000024e+00	5.499643625000000258e-01
9.010698173000000200e-01	1.356243316000000032e+00	-1.147491110000000009e-01	1.450200410000000106e+00	1.128630609000000007e+00	-6.678472616999999723e-01	4.474241200999999890e-01	4.906287309999999846e-01	1.026543565000000019e-01	-1.284315609999999941e+00	-4.779568557000000162e-01	-1.828058820000000084e+00	3.762832211000000093e-01	1.285583957999999916e+00	2.569370724000000217e-01	-2.866874603999999827e-01	-1.018944102999999934e+00	1.447982912999999927e+00
8.462313351000000372e-01	1.196249477999999922e+00	8.038400221999999484e-01	1.456003522999999911e+00	1.166675257000000077e+00	-1.539597381999999959e+00	7.543821649999999934e-01	1.123055268999999967e+00	4.285289864999999865e-01	-1.706647210000000081e+00	3.727210284999999956e-01	-2.180792289999999856e+00	3.356417770999999828e-01	7.586324549999999833e-01	1.946061330999999950e-01	-4.968011976000000218e-01	-1.860243982999999934e+00	8.939958175000000118e-01
9.718083401999999538e-01	1.315460642999999985e+00	7.519171017000000207e-03	1.336146520000000004e+00	1.052765983000000016e+00	-3.003638848999999889e-01	2.660723187999999850e-01	9.669473236000000194e-01	1.625456728000000128e-01	-1.042803691999999893e+00	-3.755752426000000255e-02	-1.855822311999999918e+00	-7.049949849999999352e-02	5.408727414999999761e-01	3.746528812000000097e-01	-2.857172298000000277e-01	-9.325110528000000176e-01	1.279382237999999949e+00
1.045378050999999919e+00	1.404247975000000093e+00	7.570347108999999630e-01	1.310943911999999933e+00	9.492381864000000169e-01	-1.362575418999999899e+00	5.624810323000000167e-01	1.503540147000000049e+00	4.348624106000000267e-01	-1.138634718999999906e+00	8.139948899000000460e-02	-1.105098365999999999e+00	7.320465420999999751e-01	1.081890565999999998e+00	7.574722109000000536e-01	-3.243423073999999739e-01	-1.806707478000000089e+00	9.530606046999999803e-01
9.045485484999999937e-01	1.227461130000000011e+00	6.606917466999999711e-01	1.313812844000000091e+00	1.022186768000000079e+00	-8.717489628000000268e-01	5.730361714999999689e-01	1.094543604999999920e+00	-2.265585978000000111e-01	-1.066120326000000063e+00	6.079992011000000529e-01	-9.390595916999999737e-01	2.709528157000000159e-01	4.552695870999999839e-01	3.847581185999999764e-01	-6.688631864999999843e-01	-2.270772462000000047e+00	2.960671631999999831e-01
1.029832445999999901e+00	1.498953253000000041e+00	7.133965012999999855e-01	1.269942538000000010e+00	8.947967409999999511e-01	-7.166621396000000255e-01	7.873925978000000381e-01	1.036964304000000059e+00	1.574148439999999982e-01	-8.752453839999999596e-01	2.134300209999999975e-01	-3.196816691000000099e-01	8.389327919000000300e-01	9.134044620000000281e-01	2.754298101000000054e-01	-1.350525294000000098e+00	-1.660794799000000044e+00	-8.757346734000000243e-02
8.937561364999999647e-01	1.530174729000000067e+00	1.286338744999999895e+00	1.594092287000000052e+00	9.347232068999999921e-01	-9.468716847000000492e-01	1.004564191999999911e+00	1.007756255999999961e+00	1.667118823000000027e-01	-9.407714489999999818e-01	2.034017448999999866e-01	-3.635717975000000157e-01	8.561941594999999960e-01	4.725056036999999987e-01	2.968498919000000028e-02	-8.032410180000000288e-01	-3.667955306999999832e-01	-1.142943660000000028e+00
1.136589982000000054e+00	1.788097609999999893e+00	4.317471741999999724e-01	1.073345009999999933e+00	1.259334280000000028e+00	9.924271951999999453e-02	7.124641978000000320e-01	1.057447618999999950e+00	2.240176700000000021e-01	-4.194788292000000141e-01	4.628079996000000196e-01	-5.720973285000000019e-02	9.950926099000000358e-01	1.088815564999999985e+00	3.322456932000000251e-01	-6.039015476000000326e-01	1.498374221999999867e-01	-1.444222294000000018e+00
1.092276043999999890e+00	1.816014602999999950e+00	1.443255540000000003e+00	1.327219710999999913e+00	7.388994868999999577e-01	-1.616130341999999942e+00	7.003193513000000037e-01	1.350066559999999916e+00	5.352439976999999738e-01	-6.198828774000000319e-01	3.161528836999999981e-01	1.740577685999999957e-01	1.321527222999999918e+00	1.278171699000000050e+00	2.668421036999999996e-01	1.145198370999999993e+00	-1.156672649000000108e+00	2.084813218000000079e-01
9.719120238999999772e-01	1.679396260999999946e+00	8.049819731999999783e-01	1.287846170999999984e+00	1.125152949000000069e+00	-5.947533571999999991e-01	3.387145683000000185e-01	1.029446094000000089e+00	2.234556644000000036e-01	-1.274506484000000051e-01	5.630897001000000346e-01	4.289257095999999929e-03	5.427795973000000274e-01	7.532517080999999726e-01	2.313442914999999933e-01	1.011698914999999976e+00	-1.697339834999999963e+00	1.567021164000000022e+00
1.282803984000000064e+00	1.933889618999999893e+00	1.030111868999999958e+00	1.176540378999999970e+00	4.500324096000000162e-01	-9.428146647999999796e-01	6.157392162999999474e-01	1.667829758999999967e+00	7.918078512999999763e-01	1.171585750000000009e-01	2.374178227000000030e-01	6.830705942000000475e-01	9.108268223000000052e-01	1.719549728000000055e+00	7.224519110999999549e-01	1.164527564999999987e+00	-1.066713017000000097e+00	5.691324773000000503e-01
1.025435368999999985e+00	1.668846402000000007e+00	1.435547147000000079e+00	1.496453408999999901e+00	7.870819020999999527e-01	-1.142307146000000051e+00	4.021122361999999728e-01	1.554239139999999963e+00	9.558752753000000491e-01	-2.286886020999999991e-01	1.276412077999999894e+00	3.110501088000000025e-01	7.386029804000000532e-01	1.005493796000000106e+00	1.127583983000000067e-01	1.060852122000000008e+00	-1.325564270000000100e+00	1.863944771999999972e+00
1.218712218000000069e+00	1.636116286999999891e+00	8.962947941000000140e-01	1.065797176000000013e+00	8.317449910999999974e-01	-7.383072781999999723e-01	5.179774608999999641e-01	1.301496525999999987e+00	1.248358110000000076e+00	3.449494237999999879e-01	8.471584220000000220e-01	4.610948582000000129e-01	6.116235019000000328e-01	1.063627056000000071e+00	-2.329157230000000051e-03	1.334115957000000074e+00	-4.101341247999999995e-01	8.941647070999999558e-01
1.102304846000000005e+00	1.183268127000000058e+00	1.304761292000000017e+00	1.140738623999999923e+00	4.813139763000000015e-01	-1.613295670999999931e+00	1.738205999999999918e-01	1.676697721000000030e+00	1.168696783999999989e+00	-8.092950279999999719e-02	1.558907229999999977e+00	5.370181403999999548e-01	7.344545866999999673e-01	1.017075557000000074e+00	-2.193961496999999872e-01	1.557027130000000037e+00	-7.895719712000000001e-01	1.277586128999999904e+00
1.005629467000000110e+00	7.004801043999999699e-01	8.414255318000000150e-01	7.738779982000000279e-01	8.565605919000000013e-01	-6.919042627999999473e-01	-2.828637487999999950e-02	1.261884663000000018e+00	1.729538212000000102e-02	5.055374164999999476e-01	1.376547513000000000e+00	7.093407417999999520e-01	1.559534810000000049e-01	4.131866900000000231e-01	3.285678665000000276e-01	1.636758610000000003e+00	-9.712548589000000177e-02	-8.662761128000000532e-01
6.343492911000000456e-01	2.693452740000000234e-01	1.207717407999999937e+00	9.378895535000000283e-01	4.058840833999999842e-01	-1.179435891000000014e+00	3.303949588999999937e-02	1.069283610999999939e-01	-2.303130100000000124e-01	9.365322215999999367e-02	1.359348494000000018e+00	9.186223180999999460e-01	7.544437483000000499e-01	5.042818547999999845e-01	1.708987765999999964e-01	1.649648798999999999e-01	1.075646322999999960e+00	-1.426459437000000108e+00
4.849120230999999781e-01	-1.079912053999999982e-01	3.913992143000000201e-01	3.544163558000000269e-01	1.579459557999999930e+00	-2.246338069999999909e-01	-1.036900713000000057e-01	-7.447793246999999672e-01	-7.594717723999999670e-01	3.428958890000000093e-01	1.181794371000000066e+00	8.473757640000000313e-01	3.648136960999999734e-01	9.215269008000000206e-02	-4.863033032999999894e-02	-3.733596390999999737e-01	-5.227420200000000294e-01	4.535566996000000017e-01
2.625210116999999732e-01	-2.827216569000000068e-01	7.976205658999999670e-01	3.062009309000000012e-01	8.831246906999999924e-01	-1.235661144000000045e+00	-2.514776830999999879e-02	1.683521236999999948e-01	4.878179473000000127e-02	-1.475400625999999937e-01	5.119505455999999732e-01	1.207228532000000021e+00	5.231653566999999727e-02	6.771847569000000178e-02	1.763953149999999970e-02	-5.888984556999999898e-01	-5.288569787000000355e-01	6.933232692999999891e-01
-1.370606833000000135e-01	-5.027592171000000443e-01	2.507430232000000259e-01	5.057362158000000552e-01	1.228547851000000080e+00	-1.284823129999999869e-01	-9.347180629000000351e-01	-2.156292556999999943e-01	1.580545378000000056e-01	3.423950272999999878e-01	1.236652203000000033e-01	5.901845783000000401e-01	-4.251392540000000220e-01	-1.074393047000000045e+00	-3.367707341000000243e-01	-7.695126548000000028e-04	-3.472386031999999956e-01	1.108728358000000025e+00
2.540316664000000224e-01	-2.468820710999999890e-01	-9.997013852000000145e-02	2.452368826999999918e-01	7.064852818000000312e-01	-6.745396610999999654e-01	-5.927086034999999864e-01	-3.624039533000000257e-01	2.586388693000000183e-01	5.357639825000000133e-01	5.874717046999999859e-02	1.157090524000000009e+00	-4.545725327999999843e-01	-1.146635510999999968e-01	8.605833322999999480e-01	1.225779265999999978e+00	6.815110975999999487e-01	1.428649921000000100e+00
-4.321203093000000051e-01	-6.039489811999999569e-01	7.587281176000000293e-01	1.594484114999999980e+00	-3.772029909999999875e-01	-7.403945631999999666e-01	-1.091028351999999924e+00	-8.889942071999999973e-01	-5.124936811999999953e-02	-2.224610263000000032e-01	-1.524796244000000134e-01	1.278064855999999916e-01	-1.170813628999999967e+00	-1.674307892999999936e-01	5.116128541000000141e-01	2.064462383000000012e-01	4.648664571000000190e-01	3.296357214000000257e-01
-2.596831249000000064e-01	-5.898932035999999712e-01	-4.773702897000000056e-01	3.530069943999999960e-01	1.592698739999999891e+00	1.452704743999999881e-01	-4.686756007999999807e-01	-9.477895534000000399e-01	-3.960636834999999856e-01	4.117773323999999735e-01	4.134996134000000212e-01	7.110098111000000554e-01	-1.712984292000000019e+00	7.653103525000000129e-01	-8.496373968000000554e-01	-5.256829725999999647e-01	-4.507018290999999927e-02	9.810910126999999870e-02
-8.189927797999999592e-01	-9.376005481000000419e-01	1.591544135000000082e-01	2.117427761000000019e-01	1.042678184999999980e+00	-1.165655920999999928e+00	-1.808806786000000111e-01	-2.843949479999999808e-01	-1.014736185999999929e+00	-1.065255950000000007e-01	-7.667454619999999887e-02	5.419956458000000366e-01	-1.933523775000000056e+00	-1.620148670999999874e-01	-2.249142133999999960e+00	-1.793410481000000001e+00	4.479657328000000160e-01	4.386265407000000116e-01
-7.706046855000000528e-01	-9.791285293000000500e-01	-1.296576447999999937e+00	-3.945507791000000264e-01	1.095544134999999919e+00	-1.416557402999999993e-01	-7.611597610000000458e-01	-8.366543240999999576e-01	-2.124942490000000017e+00	4.887400845000000049e-01	-8.926684267000000172e-01	1.018052543999999893e+00	-1.268014721999999983e+00	-1.600981506999999970e+00	-1.756358759999999908e+00	-1.301842154999999890e+00	-7.732158585999999723e-01	-4.229878682000000160e-03
-4.043153213999999829e-01	-9.765794365000000088e-01	-5.949147576000000243e-02	6.827815929000000117e-02	1.276726897000000083e+00	-1.262947067999999895e+00	-6.278182324000000092e-01	-4.192021939999999725e-01	-1.197286502000000086e+00	1.968012282000000113e-01	-1.332114028999999977e+00	8.509831110000000143e-01	4.680294288999999885e-01	-9.423584663999999833e-01	-6.739033142000000476e-01	-1.266903853000000080e+00	3.804884532000000347e-02	4.221949435999999833e-02
-5.780658362999999689e-01	-9.789417059999999671e-01	-3.718400523000000013e-01	1.208818188999999932e-01	7.497226369999999696e-01	-3.200270390000000131e-01	-1.522787619000000037e+00	-6.296602344999999712e-01	-1.246165015999999959e+00	7.037375196999999805e-01	-1.405080494000000013e-01	2.391869192999999949e-01	-4.723786830000000214e-01	-1.505080128999999989e+00	-1.352079497000000075e+00	3.520214063000000060e-01	6.528911823999999919e-01	-1.873052957000000074e+00
-8.582868656000000041e-01	-1.019055285000000088e+00	-5.821411134999999737e-01	-4.262905639000000302e-02	1.668614395999999944e+00	-9.541185397000000457e-01	-5.277573722999999717e-01	-1.051688313000000097e+00	-8.687511516000000489e-01	3.386969926999999769e-01	-6.662839186000000247e-01	4.576510528000000133e-01	-1.306153480000000089e+00	-1.438711684999999907e+00	-2.306976677000000198e+00	1.124227823000000015e+00	1.361933542000000052e+00	9.115452572000000142e-01
-1.416899906999999903e+00	-1.238808503000000005e+00	-1.034867497000000025e+00	-2.815404598999999841e-01	1.642787444999999957e+00	-5.054249316000000158e-01	-9.452860870999999499e-01	-6.494703361000000452e-01	-1.853190289999999907e+00	3.514853794000000198e-01	-2.783486687000000237e-01	2.862984642999999996e-01	-2.151368189999999903e+00	-1.698156288000000069e+00	-1.926913748000000037e+00	-3.613156959000000112e-01	-9.040534105999999959e-01	1.027150642999999919e+00
-1.299185615999999932e+00	-1.186990141000000110e+00	-1.324183802000000076e+00	-3.097778365000000145e-01	1.321674586000000096e+00	-1.129382475999999969e+00	-6.298616294000000115e-01	-4.330521616999999934e-01	-1.514380712999999989e+00	3.761020002000000084e-01	-1.549921697000000043e+00	8.933728014999999800e-01	-1.220032046000000037e+00	-1.345642154999999951e+00	-1.596531514000000040e+00	-1.377151063999999980e+00	-2.750846356000000159e-02	3.371411678999999828e-02
-1.569681746999999961e+00	-1.102791102000000079e+00	-1.008472143999999959e+00	-1.740065949000000056e-01	1.524048972999999974e+00	-7.729478724999999661e-01	-1.675911665000000106e+00	-7.389536353000000224e-01	-1.000960901000000014e+00	5.360959624000000145e-01	-1.315378903999999904e+00	7.130986383000000040e-02	-1.038863598999999915e+00	-1.792600710000000097e+00	-1.735699909000000041e+00	5.138959427999999496e-01	3.127747898000000082e-01	-1.200338611000000055e+00
-1.147697952999999993e+00	-9.835659227999999921e-01	-1.769083267999999931e+00	-1.308705524999999870e-01	1.331560107999999909e+00	-2.994395354000000120e-01	-1.175181773000000041e+00	-1.197571512999999976e+00	-7.492119646999999549e-01	7.273962363999999514e-01	-1.472432468999999911e+00	4.125358416000000084e-01	-2.014186111999999862e-01	-1.181195602000000067e+00	-8.443478226999999725e-01	4.747645486000000026e-01	-3.143531419000000215e-01	5.838042804999999946e-01
-1.057461538999999950e+00	-1.110475126999999951e+00	-6.176482560999999594e-01	4.948322616999999979e-01	9.590182535000000286e-01	-5.876008812999999886e-01	-9.858610853000000507e-01	-4.807851879000000217e-01	-5.447642110000000537e-01	2.690600752000000262e-01	-1.028694355000000060e+00	3.107306671999999770e-01	-1.741614827000000087e-01	1.588058653999999958e-01	-6.959772985000000078e-01	-8.260803406000000182e-01	-1.504042040000000080e+00	3.670791755999999739e-01
-2.871525550999999843e-01	-6.823653060000000048e-01	-1.028730539999999971e+00	1.815131499000000037e-01	8.971482324999999758e-01	2.722884353000000132e-02	-5.052674633000000526e-01	-4.690438202000000167e-01	-3.058347303999999767e-01	8.577034349000000057e-01	-7.397786131000000376e-01	7.512926084000000060e-01	-2.032772254999999917e-01	8.142453120000000544e-01	-2.757885635999999807e-01	-1.595347657000000030e+00	-1.536708863000000092e+00	-3.451329231999999969e-01
4.667641361000000183e-02	-4.766606983000000186e-01	3.777310006999999858e-01	6.531417605999999543e-01	8.633705826999999999e-01	-9.314590021999999969e-01	-1.320066030000000001e-01	9.531205986999999880e-01	1.009695793999999952e-01	5.175287047000000085e-01	-3.559802054999999799e-01	4.424985155000000225e-01	5.698527136000000048e-01	5.053128543999999556e-01	2.003115125000000107e-01	-1.166194495999999914e+00	-6.907472385999999798e-01	-4.760290218000000073e-01
2.617788877000000181e-01	-3.887950909999999816e-01	-1.108897816999999952e-01	4.014154367000000168e-01	9.668805984999999659e-01	-1.214637192000000004e-01	-1.672646530999999936e-01	3.900620156999999866e-01	-4.780011153000000013e-01	1.053240444000000053e+00	6.112724267000000378e-01	2.960308903000000158e-01	1.072129877999999925e+00	-6.578694788000000182e-01	8.284531113999999974e-01	-1.010486443000000012e+00	5.976527048999999980e-01	-1.081852856999999890e+00
-2.205310947000000132e-01	-5.722511600999999892e-01	2.734579991000000154e-01	7.411001849999999669e-01	8.683827809999999925e-01	-1.138123259000000109e+00	3.552911692999999871e-01	7.906257385000000498e-03	-8.091886108000000410e-01	3.192065309000000073e-01	6.187448071999999966e-02	1.378681409999999996e-01	1.114733506000000096e+00	-6.364581858000000203e-01	-1.063364794000000030e-01	1.292039031999999921e+00	1.150483731000000009e+00	-8.425419926999999642e-01
-3.305515106999999675e-02	-4.929182040000000264e-01	-6.874157526999999934e-01	6.449890732999999932e-01	2.026054445000000093e-01	4.667841227000000259e-01	5.836865105999999859e-01	1.852070986000000086e-01	-8.831384206000000292e-01	7.452234493999999598e-01	2.503153063999999928e-01	2.840732143999999959e-01	1.287330874000000014e-01	-8.811149888000000541e-01	-2.861728137999999810e-01	-5.697839143999999800e-01	5.427207869000000295e-01	-1.243222432999999905e+00
2.813500816000000238e-01	-2.051950679000000000e-01	4.240275492000000201e-01	8.678326534000000425e-01	5.516966690000000284e-01	-7.199244433999999471e-01	1.167898837000000078e+00	1.011267638000000080e+00	-3.499883690999999741e-01	4.372399557000000159e-01	-5.782517269000000404e-01	5.617388411999999498e-01	1.064971024999999960e+00	4.745177530000000104e-04	4.767614545000000148e-01	9.650691504000000198e-02	8.856048199999999593e-01	-1.032742183000000091e+00
2.993397999999999892e-01	-1.070781402999999993e-01	1.189639987000000038e-01	8.678094438000000244e-01	3.742532989000000188e-03	4.753400757999999837e-01	4.912411973999999959e-01	5.357448139999999581e-01	-6.687137180000000125e-01	6.614762496999999630e-01	6.334893865999999818e-01	1.739700355000000087e-01	8.584633519000000046e-01	-3.355424328000000123e-01	7.351989159999999801e-01	8.800107309000000377e-01	4.939577566000000197e-01	-1.490226435999999932e+00
6.780302313999999608e-01	4.237311609000000284e-02	4.141933769000000209e-01	6.876765768000000500e-01	5.968934213999999711e-02	-3.433964735999999740e-01	9.134483043000000135e-01	6.103151838999999468e-01	-3.879188948999999775e-01	6.393804047000000157e-01	-2.493209383999999973e-01	4.155116072000000216e-01	1.409556814999999963e+00	3.761996311999999953e-01	8.620523608000000282e-01	1.016307024999999920e+00	8.014664876000000548e-01	-6.307632926999999778e-01
4.316272792999999997e-01	-2.596711867000000076e-02	1.344260825999999964e-01	7.218985455999999967e-01	-7.851537936999999912e-02	8.642499403999999441e-02	5.988855116000000312e-01	5.682167025000000038e-01	-7.446590284999999865e-01	5.782581552000000125e-01	2.564748546000000240e-01	7.000505630999999396e-02	6.517469952000000122e-01	-1.325741635999999890e-01	4.079812447999999758e-01	1.295584786000000044e+00	-5.806479280999999881e-01	1.154002957999999968e+00
9.409138074999999768e-01	6.440989998999999688e-01	1.406109787000000000e-01	5.110769083999999740e-01	-6.447660063000000552e-02	7.084246660000000084e-02	1.060417071000000044e+00	1.119507067000000022e+00	8.717846413999999489e-02	8.919402069999999849e-01	-3.684353758000000201e-01	7.478859759999999524e-01	1.193203156999999903e+00	7.139881657000000104e-01	9.393181700999999606e-01	4.344738826999999803e-01	-4.172504599999999897e-01	8.730135045000000371e-01
9.485927648999999962e-01	7.436954020999999582e-01	1.178501859999999901e+00	8.761551864000000078e-01	-2.508928530000000268e-01	-9.390590381999999736e-02	8.013359246000000269e-01	1.560881535000000042e+00	6.364445482999999681e-01	8.160926531000000095e-01	7.597447307000000372e-01	-2.134477742999999969e-02	1.096081808999999962e+00	7.394723105999999602e-01	9.131858372000000168e-01	8.833126073000000522e-01	-6.860717026000000551e-01	1.473920121999999999e+00
1.204575036999999904e+00	1.046837446000000060e+00	5.196703553999999503e-01	3.379330912999999881e-01	-2.021034164999999938e-01	4.259221067999999777e-01	7.035239827000000501e-01	9.578623191999999786e-01	9.212468995999999466e-01	1.309421305999999952e+00	1.127585832000000066e+00	1.064015479999999986e-01	1.332620845000000109e+00	1.035097026000000087e+00	1.413455281999999924e+00	8.707218823000000274e-01	5.718942313999999527e-01	1.482487995999999919e+00
8.119248349000000031e-01	5.233112796000000122e-01	1.310336841999999891e+00	5.261969737999999674e-01	9.808818661999999522e-01	-3.541506977000000167e-01	9.415781817999999692e-01	6.949071770000000425e-01	6.434152319999999481e-01	1.004875299000000055e+00	1.300101246000000099e+00	-3.135606009999999944e-01	1.220263759000000059e+00	9.375831735999999861e-01	9.699498044000000041e-01	1.232523566000000015e+00	4.921705548000000069e-02	2.163217368000000196e+00
9.710613723000000030e-01	9.001094683999999457e-01	7.275482996000000313e-02	1.641603913999999942e-01	1.228181073000000068e-01	1.035443657000000073e+00	1.223538537000000037e+00	4.595636464000000254e-01	4.187324445000000228e-01	1.075898382000000097e+00	1.002902108000000014e+00	3.810125357999999962e-01	9.572095266000000269e-01	5.869599776999999685e-01	1.328331826000000104e+00	6.815442108000000498e-01	4.175195577999999963e-01	1.892922741000000020e+00
1.024594341000000020e+00	8.913909155000000473e-01	1.249817259999999930e+00	4.297469642999999784e-01	-2.964053610999999866e-01	-1.834122846000000029e-01	1.657646535000000032e+00	1.002927286999999890e+00	8.086588210999999804e-01	1.223517176000000095e+00	8.166952833999999717e-01	4.035638964000000106e-01	1.262848740999999997e+00	1.432494740999999960e+00	1.019898996000000002e+00	4.295872909999999822e-01	-1.827432117999999994e-01	1.418953911000000012e+00
1.004203245000000022e+00	1.096351429000000044e+00	4.769994806999999781e-01	1.619685992000000074e-01	-2.966900801999999837e-01	1.206702767999999981e+00	1.477001003999999895e+00	8.429397646999999827e-01	6.509272311999999561e-01	1.014021843999999950e+00	1.048693775999999911e+00	3.390370294000000229e-01	1.017244365999999900e+00	8.566848164000000487e-01	1.145493211000000011e+00	-1.323873765999999952e-01	-5.501471382999999493e-01	1.261606449000000074e+00
1.176763723999999955e+00	1.283980254000000043e+00	1.464087380999999910e+00	2.137324808999999937e-01	-3.112315455999999925e-01	2.811722143999999864e-03	1.529642785000000060e+00	1.355444128000000026e+00	1.098283412000000014e+00	1.270880918000000026e+00	5.626274017000000294e-01	3.593909046000000052e-01	1.423222422000000043e+00	1.750225809000000021e+00	1.311418831999999979e+00	4.076295270999999998e-01	-2.099306028000000046e-01	1.590147393999999936e+00
1.138367085000000056e+00	1.362433712999999935e+00	9.719684708000000395e-01	1.403917762999999930e-01	-5.313859802999999493e-01	1.052436157000000039e+00	1.179657162000000037e+00	8.291110359000000152e-01	7.218458986000000355e-01	1.119368700999999966e+00	1.555034449999999957e+00	3.869956206999999870e-01	7.399000256000000109e-01	1.041874493999999984e+00	1.669570100000000057e+00	7.650672776000000397e-01	-2.109903699000000021e-01	1.087208213999999895e+00
1.305972083999999978e+00	1.222758983999999938e+00	1.664160362000000060e+00	-2.869807188999999939e-02	-5.618903372000000340e-01	-3.080410967000000166e-01	9.760730858999999704e-01	9.239566929000000428e-01	1.108099720000000010e+00	1.589761568999999986e+00	9.301211668000000099e-01	6.036981562000000023e-01	7.596182098999999521e-01	1.650200007000000024e+00	1.985184794000000030e+00	1.452071474999999889e+00	5.653628491000000089e-01	1.885746581000000033e+00
9.859820711000000237e-01	7.876791562999999607e-01	1.168813646000000039e+00	5.461455697999999942e-02	-9.502601640000000183e-01	8.163603761000000070e-01	-1.297452716999999978e-01	3.491630679000000126e-01	5.902621238999999909e-01	1.241883120000000007e+00	1.637575790999999947e+00	6.063094586999999702e-01	-1.588061087999999982e-02	6.543104052999999531e-01	2.285857927999999983e+00	1.135996122000000108e+00	8.781134117000000128e-02	5.411966009999999994e-01
9.848212365999999829e-01	6.253410257999999500e-01	1.328095457000000090e+00	-1.451872553999999926e-01	-5.501280444999999686e-01	2.776156108000000112e-03	1.296985032000000093e-01	2.156903634000000014e-01	1.240198962000000016e+00	1.301936195999999990e+00	5.633988388999999763e-01	8.722166689999999445e-01	3.586544081999999967e-01	1.039002199000000015e+00	2.575201009999999791e+00	1.248411058000000073e+00	1.321713735999999972e+00	-9.882139719000000433e-01
3.909909779999999890e-01	3.720420094000000122e-02	1.260652215999999992e+00	-1.267716855000000087e-01	-5.814318983999999801e-01	6.628714557999999535e-01	-7.222865339999999801e-01	-5.573325006999999554e-01	7.486844747999999994e-01	1.159189148000000058e+00	1.889193950999999982e+00	5.229106438999999718e-01	1.801618383999999962e-01	1.918578901999999919e-01	1.239951610000000093e+00	7.133252499000000135e-01	9.990807354000000307e-02	-9.974187410999999504e-01
2.827767024999999768e-01	-3.113491339000000191e-01	5.449928338999999733e-01	-1.068084553999999908e+00	-7.493000399999999450e-01	2.413639351000000099e-01	7.688243749999999592e-03	-1.028379751999999980e+00	-3.063564697000000225e-01	1.451527577000000013e+00	1.169673868999999922e+00	1.063103536000000071e+00	5.595913125000000488e-01	4.987603267999999868e-01	4.133484176000000176e-01	-1.364035252000000087e+00	9.099729023999999500e-01	-5.070701156000000402e-04
-3.924925992000000141e-01	-7.413997704000000466e-01	5.428677628000000421e-01	-9.564737196000000496e-01	-7.436431511000000105e-01	2.588556116999999879e-01	-5.934373921000000163e-01	-7.856836982999999552e-01	-1.024560598999999961e+00	1.213938071999999924e+00	1.262823873999999957e+00	6.499024219000000269e-01	-2.687716611000000033e-01	-5.771085877999999614e-01	-5.482350768999999513e-01	-8.574326450999999460e-01	-3.772947169000000212e-02	-5.391505692000000405e-01
-6.580265698999999691e-01	-9.434451521000000174e-01	-4.022624344999999879e-01	-1.245944729999999945e+00	-6.228138581000000062e-01	2.387133614999999986e-01	-1.774684347000000106e-01	-1.070638369000000090e+00	-7.321698866000000416e-01	1.178577567000000048e+00	3.987192908000000147e-01	1.010321446000000067e+00	-1.299584695999999928e+00	-7.784348037999999637e-01	-1.576972250000000075e+00	-1.639053960999999893e+00	9.861515924999999516e-01	3.036932888000000164e-01
-1.191140308999999897e+00	-1.147400484000000054e+00	-4.203670476999999961e-01	-1.315309206000000009e+00	-7.045863775999999801e-01	2.041991693999999913e-01	-1.107909982000000015e+00	-8.259362771999999575e-01	-1.088986966000000001e+00	1.488496548000000086e+00	-1.689225679999999952e-01	3.182986333000000223e-01	-1.839608321999999907e+00	-1.272413342999999974e+00	-1.976889241999999935e+00	-1.769811964999999931e+00	6.436189896999999771e-01	-6.079032980999999891e-01
-1.116992286999999973e+00	-1.040660727999999979e+00	-1.318977848000000064e+00	-1.574291545999999986e+00	-7.244540200000000318e-01	7.679300437000000090e-02	-7.476855134000000014e-01	-5.593452035999999516e-01	-8.139388937999999518e-01	1.496151003999999896e+00	-7.634264165999999907e-01	1.207796526000000092e+00	-1.186719899000000078e+00	-9.515874441999999656e-01	-1.544989160999999944e+00	-2.178257749000000132e+00	-1.065153818999999974e-01	-1.887511114000000045e-01
-1.151658258000000101e+00	-1.111224565000000108e+00	-1.253078606999999955e-01	-1.300104171000000086e+00	-3.132203999000000016e-01	2.255941085000000013e-01	-1.401493185000000086e+00	-5.871051367000000039e-05	-5.389184732999999783e-01	1.739386764999999890e+00	-5.682837475999999999e-01	1.117306264000000049e-01	-1.330130779000000096e+00	-1.032931907999999899e+00	-1.715597245999999965e+00	-1.186996253000000001e+00	4.704107471999999790e-01	-1.352614994000000070e+00
-1.411905420999999938e+00	-9.948236648999999598e-01	-1.225794162999999992e+00	-1.552187594000000059e+00	-1.801989468999999899e-01	1.658174552999999996e-01	-1.245856705000000009e+00	-1.079954016999999933e+00	-1.641902584000000109e-01	1.570885488000000052e+00	-3.150403869999999773e-01	6.149756197000000313e-01	-1.629874813999999894e+00	-1.600021512999999951e+00	-1.647545062000000060e+00	-8.997637912000000515e-02	1.299254278000000040e+00	-7.830856206999999847e-01
-1.775718565000000027e+00	-1.327861611999999969e+00	-7.451111818000000220e-01	-9.234791596000000435e-01	-7.169917010999999896e-01	1.785155981000000058e-01	-1.478880495999999933e+00	-1.421722949000000069e+00	-5.780174307000000011e-01	1.132874729000000080e+00	-1.594891461000000010e+00	6.959790646999999830e-02	-1.779520782999999939e+00	-1.533389088999999927e+00	-2.154201023999999798e+00	3.659512862000000033e-01	5.082370978000000372e-01	1.846363350999999930e-01
-1.516083419999999959e+00	-9.275600965000000420e-01	-2.461467612999999943e+00	-8.353579424999999503e-01	-1.026786379000000027e+00	5.501425715000000105e-01	-4.317560073000000220e-01	-1.175785483000000076e+00	-9.230698274999999953e-01	5.239403169999999887e-01	-3.510344251999999998e-02	1.062116711000000047e+00	-2.428918272999999850e+00	-5.518977635999999798e-01	-1.376743135999999978e+00	-4.461570496999999746e-01	9.122011383999999445e-01	-1.222116903000000088e+00
-1.613334674000000080e+00	-1.311483441000000028e+00	-3.443860022999999937e-01	-9.016546883999999595e-01	4.569143414999999875e-01	-2.273011622999999981e-01	-6.648938394000000196e-01	-2.858708852999999883e-01	-8.280752375000000054e-01	1.201883956000000087e+00	-1.626508367000000010e+00	2.811694491999999768e-01	-2.118620051999999809e+00	-5.598684984999999781e-01	-7.297213179000000549e-01	-6.797761174999999989e-01	9.251502449999999822e-01	-8.407322520000000132e-01
-1.629785558000000023e+00	-1.111525786999999932e+00	-1.700630008999999943e+00	-1.278529309000000058e+00	-9.632732033999999999e-01	8.857322087000000232e-01	-8.673924301000000003e-01	-9.285623007000000095e-01	-1.404399101999999955e+00	9.540038911999999538e-01	-4.327167299000000272e-02	7.212973723000000170e-01	-2.774640048000000192e+00	-1.655204981000000020e+00	-1.077243952999999976e+00	-2.086687783999999990e+00	3.344907249999999888e-01	-9.021975333999999735e-01
-1.785402614000000110e+00	-1.293304390999999942e+00	-8.173564314000000275e-01	-1.362276717999999942e+00	-2.908303416999999946e-01	-3.412337214999999757e-01	-9.354809564999999605e-01	-1.138010986000000058e+00	-1.334828907999999981e+00	1.418583906000000061e+00	-1.800667288000000088e+00	1.650167291000000092e-01	-1.518486561000000012e+00	-1.122678022999999969e+00	-1.491541932999999931e+00	-1.132026581999999948e+00	1.765694855000000008e+00	-9.552953030999999928e-01
-1.895210046000000093e+00	-1.140839804000000068e+00	-1.973684333000000013e+00	-1.538067960000000012e+00	-4.319501126999999996e-01	8.314841371000000203e-01	-1.421055310999999932e+00	-1.558682037999999936e+00	-1.798796241000000018e+00	8.448122296000000198e-01	-9.911162258000000280e-01	5.853350618999999533e-01	-1.933951127999999908e+00	-2.110400204999999918e+00	-9.497440386000000068e-01	3.413654072000000261e-01	2.896887082999999863e-01	-1.852158756999999989e+00
-1.595782988000000069e+00	-1.126082784000000059e+00	-1.218647762000000023e+00	-1.274164799000000015e+00	-6.314555733000000171e-01	-3.494432306999999960e-01	-7.707641594999999901e-01	-6.516866708999999869e-01	-1.185799384000000067e+00	1.281777147999999977e+00	-1.782035621999999986e+00	4.834669279000000097e-01	-5.185378532000000096e-01	-6.705047601000000412e-01	-3.985475842999999796e-01	4.406515571999999881e-01	6.910527613000000402e-01	-4.870987528999999872e-01
-1.697370615000000083e+00	-1.185155614999999996e+00	-1.335593349000000041e+00	-1.502512647000000090e+00	-2.852380974000000013e-01	6.504450516999999987e-01	-1.375197736000000059e+00	-7.866268247000000047e-01	-1.242990776999999936e+00	8.973441127000000295e-01	2.113482935999999868e-01	1.674056968000000034e-01	-1.232885674999999903e+00	-1.122640464000000060e+00	-2.019245752999999921e-01	-6.418063289000000005e-01	-1.316231584000000066e+00	4.698061473000000182e-02
-1.620404702000000086e+00	-1.167331646999999917e+00	-1.159680526999999906e+00	-1.414916097999999955e+00	-8.784921530000000534e-02	-9.836889141999999309e-02	-5.850653806000000179e-01	-1.261644283999999949e+00	-9.807359540000000209e-01	1.086377689999999951e+00	-1.186658363000000049e+00	2.714037402999999737e-01	-5.496417301999999561e-01	-5.287905214000000464e-01	-1.117604516999999992e-01	-6.185641776000000425e-01	7.300888196999999469e-01	-7.627413335999999600e-01
-1.834635682000000045e+00	-1.223515955000000099e+00	-1.373188322000000072e+00	-1.220222342000000015e+00	-3.819116443000000194e-01	5.578303391000000166e-01	-1.368457436999999999e+00	-2.286319220999999846e+00	-1.740009107999999971e+00	8.066764684999999657e-01	-7.654290483000000256e-01	1.512660805999999948e-02	-8.877545974999999645e-01	-1.272396910999999964e+00	-6.296031424000000376e-01	1.154124267000000037e+00	5.197987403999999867e-02	-8.922215531999999616e-01
-1.635679537999999988e+00	-1.066600511999999945e+00	-1.558654195999999992e+00	-1.084531729999999916e+00	-3.140101757000000049e-01	2.143608228999999976e-01	-1.512296228999999992e-01	-1.171502628000000046e+00	-3.538776352999999930e-01	7.969291941999999684e-01	-1.424339507000000005e+00	3.964352845999999930e-01	-6.286641230999999719e-01	-8.499597251999999603e-01	-4.390452224999999986e-01	2.392238198999999954e-01	3.589577876000000223e-01	5.410121574999999794e-01
-1.465395124999999910e+00	-1.174382475999999897e+00	-7.670266685000000084e-01	-1.129026934000000093e+00	-2.481026255000000069e-01	5.584073512999999656e-01	-1.058862766000000066e+00	-8.702723254999999991e-01	-4.873370772999999906e-02	6.981566019999999595e-01	-1.013073307000000034e-01	-2.794340819999999864e-02	-3.832762584000000139e-01	-1.054441712000000031e+00	-3.850888612000000211e-01	-8.997462905999999982e-01	-1.096899293999999969e+00	-2.104310601999999919e-01
-1.393742763000000107e+00	-8.937664708000000457e-01	-1.314164243000000010e+00	-9.971804794999999944e-01	-2.899476449000000233e-01	5.208108407999999523e-01	-4.066237027999999865e-02	-1.505139151999999925e+00	-3.753646915000000139e-01	6.762119845999999823e-01	-7.057302958000000181e-01	5.761701784999999632e-01	5.261425802000000429e-01	-8.999825583999999656e-01	9.494965401999999610e-02	-9.718413422999999662e-01	4.210843911000000106e-01	-9.439403607999999890e-01
-1.223373027000000057e+00	-7.915640079000000329e-01	-6.742704685999999503e-01	-6.618264606000000549e-01	-6.330382398999999660e-01	6.970840345000000049e-01	-2.846757215999999938e-02	-1.332512922000000044e+00	-3.397754720999999756e-01	6.592787036999999684e-01	-8.619225191999999591e-01	2.587740612000000162e-01	7.296662677999999902e-01	-4.188927872000000052e-01	5.471624754999999674e-01	3.509384754000000051e-01	3.051641883999999805e-01	-2.011745309000000148e+00
-5.347698091999999459e-01	-3.693140847999999976e-01	-7.945654237999999481e-01	-6.365367579999999803e-01	-8.218839781000000233e-01	8.073382145999999926e-01	6.926286266000000191e-01	-1.066730570999999905e+00	2.878504328000000001e-01	5.458984503999999571e-01	-4.935019521000000298e-02	7.599952250999999492e-01	1.127987579000000018e+00	5.824454650999999483e-01	1.371110272999999991e+00	3.650002517000000002e-01	2.977296548000000209e-01	-1.236070804999999995e+00
-3.232103968000000216e-01	-4.048390519000000243e-01	1.348936880000000116e-01	-3.608425679999999747e-01	-8.221546683999999550e-01	8.137043945999999917e-01	2.781228658000000076e-01	-7.774067530999999587e-01	4.607852420999999921e-01	5.769879882999999765e-01	2.315335738000000032e-01	-2.585923103000000167e-01	5.693291092000000164e-01	1.186848107000000097e+00	1.373572347999999943e+00	1.581024090000000104e+00	-5.199853839000000422e-01	7.489811768999999897e-01
-5.760065036999999916e-02	-2.480127856999999880e-01	-3.705750058999999763e-01	-8.673121767999999454e-01	-5.026453657999999658e-01	1.023303641000000042e+00	1.161793421999999909e+00	-2.977539740999999851e-01	9.671950418000000438e-01	-1.278308780000000089e-01	1.097220158999999917e+00	3.574380235999999877e-01	2.896316508999999817e-01	5.342561140999999569e-01	1.179317578999999894e+00	-6.781604689000000352e-01	-4.492131530999999844e-01	7.678197372999999437e-02
1.335457027999999990e-01	-2.914242619999999895e-01	2.694938900000000137e-01	-1.501902344999999916e-01	-8.972781355000000181e-01	9.931633564999999830e-01	1.193074884999999918e+00	1.062300614000000060e-01	1.323197814000000028e+00	-2.921826904999999877e-02	-1.423997820000000025e-01	1.349479526000000040e-01	4.190336680000000258e-01	1.914816680000000146e-02	-3.233315923999999786e-01	4.328055585000000205e-01	8.758548251999999368e-02	-7.583849247999999710e-01
3.483591167000000266e-01	-1.233579073999999942e-01	-1.091845206999999957e-01	-7.183950634000000335e-01	-9.817875130000000006e-01	9.194580745000000555e-01	1.411537894999999931e+00	8.837755536000000411e-01	1.325638081999999995e+00	-1.389554930999999938e-01	1.219877656000000060e-01	2.067052506000000012e-01	4.844212212999999823e-01	1.848949432000000087e-02	2.194722064000000084e-01	1.076257205999999966e+00	-9.865701654999999848e-01	9.643785907999999907e-01
6.531614459000000261e-01	8.878895724999999461e-02	7.168067103999999912e-01	-5.084968377999999900e-01	-9.526262133999999770e-01	1.153688760999999952e+00	1.511031871999999998e+00	1.273684679999999902e+00	1.349069298000000083e+00	-9.660661018999999738e-02	3.972236194000000054e-01	1.396007200000000115e-01	7.503279540999999719e-01	2.890422657999999756e-01	8.119820424000000203e-02	-7.425741499000000356e-01	-1.068047339999999901e+00	-1.051823919999999996e-01
7.836559476000000135e-01	3.194194542000000081e-01	7.398910723999999606e-01	-2.875254587000000139e-01	-1.356964999999999977e+00	1.361182348000000042e+00	1.733575198000000039e+00	9.425556602000000339e-01	1.299692271000000066e+00	-4.789230319000000180e-01	2.434186865999999894e-01	4.036610911999999884e-01	1.671254500999999892e-01	1.038470387999999911e+00	-2.914757714999999805e-01	2.836655486999999920e-01	1.113654317000000032e-01	-1.840787723999999903e+00
7.453642124999999563e-01	3.662720655999999742e-01	7.062530505999999875e-01	-4.704857172999999948e-01	-1.470966650999999903e+00	1.018633434999999920e+00	1.328513797000000052e+00	6.664404973999999982e-01	1.262324318999999972e+00	-1.123865916000000020e-01	3.777545335999999976e-01	2.634987639999999964e-02	2.218724378999999969e-01	2.108326340000000076e+00	-6.186641416000000504e-01	1.448135877999999988e+00	-8.138679759000000402e-01	-2.549396462999999891e-01
7.766522670000000073e-01	7.188560742999999809e-01	6.442220622000000008e-01	-7.667099000000000553e-01	-1.144753169999999987e+00	1.664261003000000017e+00	1.784394631000000064e+00	9.441843495999999725e-01	1.084345112000000055e+00	-4.071056375000000060e-01	4.445894635000000039e-01	3.594746629000000193e-01	4.770122923999999820e-01	2.006210412999999804e+00	1.906998477999999886e-01	-1.773723822999999922e-01	-1.427912051999999932e+00	7.052696137999999726e-01
1.005118621999999906e+00	1.067233703999999950e+00	1.307463304999999965e+00	-3.840995791999999853e-01	-1.129048924999999981e+00	1.328707523000000057e+00	1.787487719000000030e+00	1.244876912999999918e+00	1.523608776999999970e+00	-2.928020340999999971e-01	6.940615862000000247e-01	4.134647352999999970e-01	8.161935152000000526e-01	1.326745443000000080e+00	6.786769969000000513e-01	-1.375077775999999918e-01	-7.935083144000000255e-01	-6.178621480999999527e-01
9.468935644000000540e-01	1.155355434000000070e+00	1.300971748000000039e+00	-3.639725112000000151e-01	-1.170833167000000063e+00	1.477841721000000108e+00	1.897300988000000022e+00	1.229307672000000018e+00	1.355371990000000082e+00	-5.391970231999999585e-01	6.091236615999999771e-01	7.691158727000000361e-01	8.398063430000000107e-01	3.433657685000000015e-01	9.220156165999999764e-01	-5.613672884000000529e-01	5.946632594999999855e-01	-1.215057199000000088e+00
1.036312249999999935e+00	1.456180943999999977e+00	1.230999501999999968e+00	-2.548774214999999788e-01	-1.479467729000000009e+00	1.384739630999999971e+00	1.774308725000000031e+00	1.367293344999999993e+00	1.724783551000000026e+00	-5.742052832999999801e-01	1.018459894000000032e+00	7.472645562999999935e-01	1.153322060999999898e+00	7.647269088000000492e-01	1.150283066999999937e+00	5.480160767999999738e-01	6.059856546999999871e-01	-1.274157428999999953e+00
1.109386548000000028e+00	1.626735690000000067e+00	1.393990633000000035e+00	-2.874639623999999949e-01	-1.435129324000000040e+00	1.546617968000000065e+00	1.778250266999999996e+00	1.289438853999999912e+00	1.817852454999999923e+00	-6.627437609999999868e-01	1.052782453999999923e+00	7.485311945999999494e-01	1.228680774000000087e+00	7.399215502000000555e-01	1.306774443999999979e+00	1.420099041999999923e+00	7.537569227000000538e-01	-8.582206827999999676e-01
1.133427428000000070e+00	1.463457263000000008e+00	1.450411042999999900e+00	-2.832080240000000027e-01	-1.115120426999999914e+00	6.492172472999999666e-01	1.461189102000000073e+00	1.185763941999999904e+00	2.048673544000000124e+00	-2.139797526999999977e-01	7.121385881999999778e-01	3.704145623000000276e-01	1.095257150999999984e+00	9.106396155000000547e-01	1.195841107999999986e+00	2.081393972999999953e+00	9.694472340000000188e-02	6.514445705000000419e-01
1.017043791000000086e+00	1.553277607999999921e+00	1.236152012000000022e+00	-1.858371909000000044e-01	-1.326180262000000054e+00	1.186674226999999915e+00	1.497561447999999906e+00	1.346679900999999902e+00	1.778025111999999908e+00	-7.742233445999999741e-01	7.459081802000000483e-01	8.022257670000000340e-01	1.058851462000000021e+00	8.132328169000000440e-01	1.475276607000000073e+00	7.922111402999999497e-01	7.367654442000000081e-01	2.154425990999999929e-01
1.217072927000000027e+00	1.786175110000000066e+00	1.685250426999999940e+00	-3.496589561999999818e-01	-1.526677593999999916e+00	1.694191038000000038e+00	1.514314386999999984e+00	1.625120370999999952e+00	2.050072167999999806e+00	-8.732500260000000125e-01	1.487522994000000098e+00	7.662155228000000484e-01	1.472615379000000058e+00	1.393379718999999906e+00	1.568132214000000024e+00	-6.769278144999999469e-01	4.233481506999999811e-01	-3.668319824999999867e-01
1.145931805000000026e+00	1.464540914999999943e+00	1.664077342999999987e+00	-4.273683037000000073e-01	-1.242019552999999998e+00	1.207854170000000060e+00	1.476077080999999902e+00	1.367202566000000008e+00	1.809491369999999932e+00	-6.164572118000000156e-01	1.423815365000000055e+00	4.169510565999999807e-01	1.193187975000000067e+00	1.257421893999999929e+00	1.041255271999999898e+00	-2.891142749000000234e-01	1.894677920999999987e+00	-8.799717922999999997e-01
1.075382877000000015e+00	1.389749388000000030e+00	1.368473328000000100e+00	-5.347051035000000008e-01	-1.785013624999999937e+00	1.099095785000000047e+00	1.153163837999999997e+00	1.124292603000000002e+00	2.100026667999999930e+00	-4.526117331000000243e-01	1.976692842000000061e+00	6.168248119999999446e-01	1.392064256999999916e+00	1.132045259999999942e+00	5.922238493999999465e-01	1.353518318999999970e-01	1.660891383000000054e+00	-1.390288213999999911e+00
1.171705594000000072e+00	9.788326435999999964e-01	1.381218792999999945e+00	-6.323055091999999489e-01	-1.562530068999999910e+00	1.251655359999999995e+00	6.955855423000000259e-01	1.241930705999999995e+00	2.322895260000000128e+00	-8.355173539000000371e-01	1.437575983999999973e+00	3.357665492999999945e-01	6.940167527999999697e-01	9.830966279999999724e-01	4.856390949000000123e-01	2.425425992000000086e+00	1.611602391999999995e+00	-2.895765415000000065e-01
7.386086648999999893e-01	3.619921017000000130e-01	1.088712104999999930e+00	-1.137806349999999966e+00	-1.510172985000000079e+00	1.146034628000000000e+00	-1.782220426999999996e-01	1.443987785000000024e+00	1.960833451999999921e+00	-7.683017450000000359e-01	2.616313667000000009e+00	2.873243952999999795e-01	5.223742193999999506e-01	7.342080656999999677e-01	4.643212907000000000e-01	1.209356855000000008e+00	8.795579444000000136e-01	6.312217464999999583e-01
1.486375930999999928e-01	-3.903705537000000114e-01	5.935025067000000432e-01	-1.303426375999999998e+00	-1.410815375000000094e+00	1.455283439000000012e+00	-4.277099182999999916e-01	4.666868921999999809e-01	1.358379409000000093e+00	-9.909585236000000297e-01	1.359170137000000000e+00	3.377255798000000087e-01	-2.664365242999999772e-01	3.995922089999999760e-01	-4.800246098000000156e-02	-3.630381301000000227e-01	8.967590009999999445e-01	9.440438127000000401e-01
-1.480537043000000053e-01	-3.791246849000000085e-01	2.788405753000000042e-01	-1.310439319999999963e+00	-1.528433734999999905e+00	1.271953117000000022e+00	-6.203513449999999985e-01	7.637097768999999425e-02	9.546767670000000372e-01	-8.664732695000000318e-01	1.076151744999999993e+00	7.425077665999999521e-01	-4.962516059000000035e-01	2.394274925000000054e-01	5.055871114000000111e-01	-1.041004379999999951e+00	1.768877993999999898e+00	-7.251911785000000332e-01
-6.211708578000000314e-01	-7.523989548999999721e-01	9.733527935999999881e-02	-9.380396027999999831e-01	-1.544359465999999959e+00	1.450601602000000101e+00	-1.270976501000000036e+00	-4.624585273999999857e-01	-2.433633148000000079e-01	-8.542835410000000351e-01	4.946842834000000216e-02	5.678199530999999967e-01	-1.082142571000000109e+00	-2.009536825000000082e-01	5.955218556000000385e-01	4.187590984999999821e-01	2.140335190000000054e+00	-8.520212205999999622e-01
-1.019453595000000101e+00	-8.316617682000000400e-01	-5.421322294999999514e-01	-1.582183373999999976e+00	-1.367699666000000036e+00	1.236582276999999896e+00	-1.691417667999999930e+00	-1.178784204000000058e+00	-1.175820325999999971e+00	-7.671443892999999514e-01	9.350533220000000270e-03	4.380503150000000234e-01	-9.325131515000000260e-01	-4.670252521000000101e-01	2.622301884000000083e-01	9.698468226999999997e-01	1.654076136000000030e+00	7.391792616000000260e-01
-1.225258766999999915e+00	-9.561059696000000496e-01	-8.350142415000000318e-01	-1.387258477000000045e+00	-1.350428949999999961e+00	1.479473838000000097e+00	-1.282650787999999986e+00	-1.979672770000000082e+00	-9.711642104000000053e-01	-7.779034921999999908e-01	-5.339312263000000058e-01	-5.782181528000000098e-02	-1.808273385000000108e-02	-5.146266624000000317e-02	-7.934988233999999974e-01	2.418685090999999898e-01	1.945894805000000005e+00	1.469438937000000056e+00
-1.158200939999999957e+00	-1.130383056000000108e+00	-5.518907420999999980e-01	-1.856903586000000050e+00	-1.383033509000000105e+00	1.140553503000000024e+00	-1.250436930000000002e+00	-8.580924327000000185e-01	-6.958587147000000472e-01	-9.461124196000000319e-01	9.669827233000000133e-02	8.849969766000000126e-02	-8.069352262000000220e-01	-6.814737879000000442e-02	-8.954931106000000307e-01	-1.358909146000000012e+00	9.242382915000000310e-01	2.425059528999999880e-01
-1.527858694999999933e+00	-1.196475449000000024e+00	-9.092173611999999627e-01	-1.578432480000000027e+00	-1.391936229999999997e+00	1.307761836000000066e+00	-1.545618362999999995e+00	-1.279770711000000061e+00	-3.445615270999999868e-01	-7.468409396999999839e-01	-8.011903195999999783e-01	1.898084013000000125e-01	-1.155997699000000045e+00	-9.394366479000000325e-01	-1.469280868000000018e+00	-1.136858332999999943e+00	2.346851501999999812e+00	-4.824909117000000247e-01
-1.593067824000000021e+00	-1.211417525000000106e+00	-1.148777689999999962e+00	-1.857384882999999931e+00	-1.458910586000000009e+00	1.118949352000000008e+00	-1.826780740000000014e+00	-1.086115841000000026e+00	-7.414298377000000384e-01	-9.542414085999999518e-01	-1.445836855000000032e+00	6.216014753000000115e-02	-9.011150110000000213e-01	-1.005566562999999913e+00	-1.123100073000000032e+00	6.543127203999999919e-01	1.212896600999999963e+00	-2.616495046999999796e-01
-1.699187913000000050e+00	-1.181145389999999962e+00	-1.538233599000000007e+00	-1.519589512999999892e+00	-1.594522731000000082e+00	1.398612559999999894e+00	-1.719955660000000108e+00	-1.160070340000000089e+00	-1.094358576999999944e+00	-7.591683015000000312e-01	-1.231652952999999995e+00	1.359899524000000026e-01	-5.070240810999999681e-01	-7.556462416000000459e-01	-1.061635737000000024e+00	-5.133083774000000293e-02	1.694684966999999931e+00	8.143754292999999533e-01
-1.468576327999999931e+00	-1.286757560999999939e+00	-8.100190043999999645e-01	-1.834030260000000023e+00	-1.055870131999999906e+00	1.385034767999999916e+00	-1.487547410999999986e+00	-2.077092574999999941e-01	-5.401713559999999914e-01	-9.589132875000000444e-01	-7.591401647000000086e-01	-3.193416332999999829e-01	-1.310705130999999968e+00	-4.575620260000000106e-01	-4.115470317000000100e-01	-2.008185249999999977e-01	6.683275818999999673e-01	6.811917391999999793e-01
