1.563464871000000089e+00	7.470878146999999636e-01	2.041625269999999936e+00	-1.202850739000000058e+00	-5.245442107000000131e-01	-1.029392574000000060e+00	5.977212249999999671e-02	-6.744350937999999962e-01	1.039122920999999922e+00	-1.756710184999999980e+00	-3.372359823000000145e-01	-8.289828141999999733e-01	-1.717317624000000098e+00	-1.024666054000000104e+00	-9.902448090000000036e-01	-1.702878874000000042e+00	-2.154088288999999878e-01	9.344771466000000026e-02	-1.153048171000000011e+00	-1.434079823999999892e+00	4.109334634999999708e-03	-1.677033240000000092e+00	7.216349478000000373e-01	-5.003542335999999757e-01	-1.778014782000000071e+00	3.426097982999999902e-01	-3.346757751000000169e-01
1.519939098000000044e+00	7.098468194999999481e-01	2.116341246999999814e+00	-9.620916939000000445e-01	-1.189531751000000082e+00	-1.746547355999999995e+00	-1.102792048999999969e-01	-4.743497218000000126e-01	8.984028015999999672e-01	-1.890238166000000053e+00	-5.256424683000000542e-01	-6.503901044000000020e-01	-1.999869547999999941e+00	-6.844314428000000117e-01	-6.820923807000000005e-01	-1.614833299000000055e+00	4.958314261999999945e-02	-7.743179723999999986e-01	-2.479130175999999963e+00	-6.749445123999999741e-01	-1.872133823999999891e-01	-1.138407602000000018e+00	-3.566075436000000209e-01	-1.268231759000000070e+00	-2.256589893000000124e+00	-7.077703047000000192e-02	-3.096459397999999918e-01
1.438286280000000028e+00	8.340682165999999675e-01	2.058817375999999921e+00	-1.186472409000000061e+00	-1.212199800000000049e+00	-1.167496627000000009e+00	-2.922742253999999762e-01	-1.840078779000000053e-01	6.656787320000000507e-01	-1.870836825000000037e+00	-5.890048718000000516e-01	-8.607043716000000178e-01	-1.395729084000000064e+00	-7.249693189999999454e-01	-7.464235702000000527e-01	-1.318448265000000008e+00	-2.794227015999999897e-01	-5.574706149000000499e-01	-1.741876156000000009e+00	-8.776153039999999850e-01	6.843053055000000162e-01	-8.546308736000000073e-01	-1.291591329000000066e+00	-1.507191828999999927e+00	-1.718940313000000053e+00	-2.666805449999999911e-01	-1.943723496999999911e+00
1.569629305000000086e+00	8.005813024000000278e-01	2.073637172999999834e+00	-9.534847091999999469e-01	-6.632872229999999814e-01	-9.274956954999999947e-01	-8.919202136999999919e-02	-3.888125004999999912e-01	1.137891725000000021e+00	-1.271614612000000033e+00	-5.810574726999999662e-01	-4.295570600999999988e-01	-1.481548544000000023e+00	-5.664625218000000073e-01	-1.720858891000000002e-01	-1.924671849000000101e+00	-3.771264717999999738e-01	4.031222874000000012e-01	-7.935814523999999981e-01	-2.159089505999999936e+00	3.403023700000000207e-01	-1.293802034000000045e+00	-8.467644105999999615e-01	-7.721456987000000494e-01	-1.303883053000000070e+00	-3.130085477999999810e-01	-2.534911376999999799e-01
1.570861167999999974e+00	8.376077034000000143e-01	2.083958432000000194e+00	-1.059979825999999958e+00	-1.993219626999999938e-01	-3.917397968999999924e-01	1.236348490999999994e-01	-3.249008301999999904e-01	9.900748236999999952e-01	-1.563824380000000014e+00	4.812335830000000203e-01	-4.408848271999999957e-01	-6.974227826000000130e-01	-7.038180018999999898e-01	-1.850147976999999902e-02	-1.238129288000000106e+00	-4.903265437000000060e-01	5.254744728000000364e-01	-1.278089336000000076e+00	-7.708977112999999548e-01	-1.224633985999999952e+00	-9.348506113000000228e-01	-1.021591622999999949e+00	-8.012283700000000231e-01	-1.208309196000000085e+00	6.046477997000000437e-01	-1.397604313999999959e-01
1.557799888999999993e+00	7.862448042999999887e-01	1.920666058999999981e+00	-7.004581720000000455e-01	-3.087444937000000111e-01	-2.307643289999999903e-01	2.418647160000000074e-01	-2.110701325999999878e-01	9.189604899000000104e-01	-2.025553997999999911e+00	5.384065192000000444e-01	-7.323482280999999983e-01	-7.739970763000000309e-01	-7.070848476000000105e-01	-1.568056945999999896e-01	-1.165908432000000022e-01	-1.312915161000000053e+00	9.467992762000000395e-01	-3.868327359999999826e-02	-3.814080664999999759e-01	-5.569246239999999792e-01	-1.392845445999999932e+00	-2.034258633999999899e-01	-6.730670901999999955e-01	-2.034960651000000009e+00	2.452782759999999895e-01	-1.650961590999999951e+00
1.465889164000000022e+00	9.606856326999999585e-01	1.956697190000000086e+00	-8.157304327000000077e-01	1.473502415000000065e-01	-5.141640650000000035e-01	7.389902652999999488e-02	-2.953270774999999793e-01	9.894273840999999736e-01	-1.341611368999999998e+00	7.599279813000000550e-01	-5.402921783999999894e-01	-9.188947256999999702e-01	-1.459848059000000031e+00	-1.382658589999999910e-01	2.217946319999999916e-01	-1.082273255999999906e+00	1.080320072999999992e+00	-7.786418643000000417e-01	-1.848471870000000017e+00	4.172374242999999927e-01	-8.227867666000000524e-01	-4.531360300999999757e-01	3.054760112000000083e-01	-2.578153828000000036e+00	-8.219361115000000106e-01	-4.811912161999999937e-01
1.419556204999999904e+00	1.029731611999999963e+00	1.945674094999999992e+00	-7.756795276000000294e-01	-2.205446212000000128e-01	-2.461809315000000054e-01	1.198530339000000028e-01	-3.511563199000000135e-01	1.117114761999999928e+00	-1.436805939000000087e+00	6.021813325999999522e-01	-6.804906960000000060e-01	-6.481433001999999943e-01	-1.092593665999999963e+00	-4.103929723999999793e-03	4.237343082000000205e-01	-9.327028924000000387e-01	3.750283127999999855e-01	-9.097412975999999984e-01	9.161202184000000193e-01	4.804580426999999765e-01	-8.134469844999999699e-01	-6.161186936000000447e-01	4.696810520999999961e-01	-2.466743022000000174e+00	-4.726041333000000066e-01	1.228925324999999985e-01
1.448202623000000022e+00	1.018079621999999906e+00	2.017385732999999792e+00	-9.156840142000000071e-01	-6.326258737000000076e-01	-2.479675091000000109e-01	-3.588133711000000142e-02	-3.786874915999999813e-01	1.104995418999999979e+00	-1.444673225000000061e+00	7.730635901000000310e-01	-7.614712050999999926e-01	-8.351822677000000361e-01	-1.474636279999999910e+00	-2.787002207000000009e-01	5.287672157999999678e-01	-5.974329346000000207e-01	4.750695870999999820e-02	4.059417447000000095e-02	-5.129860981999999625e-01	5.798414528000000318e-02	-1.057164344999999894e+00	-2.109789923000000011e-01	7.888161211999999978e-01	-1.596231248000000047e+00	7.816667374000000335e-01	-2.216811074000000215e+00
1.367579832000000106e+00	1.117914719999999917e+00	2.023078880999999996e+00	-8.507997777000000372e-01	-9.316490280000000457e-01	-6.789247269000000529e-01	1.205912311999999958e-01	-4.901607729999999941e-01	1.025953394000000074e+00	-7.191724506000000128e-01	3.816694957999999804e-01	-1.024931470000000067e+00	-1.082160486000000033e+00	-1.396338419999999969e+00	-2.751851578999999978e-02	7.385668288000000192e-01	-9.902741587000000179e-01	-3.622220576999999886e-01	-1.376177876999999938e+00	-9.173003119000000538e-01	1.383684521999999917e-01	-5.804349300000000156e-01	3.135859485999999974e-01	1.401853859000000035e+00	-2.025232229999999856e+00	-1.083336563000000030e+00	-6.739413758999999874e-04
1.375565042000000071e+00	1.007408689000000024e+00	2.036282475999999786e+00	-1.232843373999999992e+00	-9.908951807000000445e-01	-6.045348383999999964e-01	-1.783735632000000015e-01	-4.800271332000000113e-01	9.317224951999999449e-01	-1.253816030000000081e+00	-5.387023160999999671e-01	-8.570474286000000497e-01	-9.350623810000000535e-01	-1.290840254999999992e+00	-3.472514321999999876e-01	-2.414116809999999804e-03	-7.512105586999999751e-01	-1.271682412999999956e+00	-9.897847101000000203e-01	3.689532381000000250e-01	-1.265409125999999995e-01	-6.492981653999999603e-01	-1.133718785999999978e+00	4.865690642000000121e-01	-1.048899837000000002e+00	8.052445879999999834e-01	-9.396196234999999453e-01
1.461595313999999979e+00	1.110432145000000093e+00	1.980130592000000078e+00	-9.565493713999999592e-01	-8.421876999999999835e-01	-4.082297159000000120e-01	1.688061456999999932e-01	-5.660924407999999852e-01	8.309198089999999537e-01	-7.723227528999999647e-01	-2.514233355000000114e-01	-8.020329592999999591e-01	-1.098815633000000069e+00	-1.221536826999999992e+00	-1.518778293999999973e-01	3.667405552999999929e-01	-1.412793551999999897e+00	-2.681150385000000136e-01	-5.849019404999999949e-01	-8.892253576999999964e-01	5.726498987000000485e-01	-1.145546044000000041e+00	-4.322963603000000155e-01	9.708527153999999548e-01	-9.957610383999999648e-01	-1.086176902999999916e+00	-4.041622175999999844e-01
1.389664661000000079e+00	1.058253812000000016e+00	1.936155830999999994e+00	-1.380350702000000096e+00	-7.820430565999999528e-01	-2.830397641999999880e-01	-1.323691653999999884e-01	-4.674102551000000050e-01	7.212223290999999481e-01	-7.312327023000000370e-01	-7.632092507000000081e-01	-4.520261281999999881e-01	-9.230051278999999997e-01	-9.468882262000000161e-01	-9.067597592999999678e-01	-8.422143911999999816e-03	-7.878417030000000043e-01	-4.543107706999999773e-01	-1.967736396999999915e+00	5.489980696999999799e-01	-8.622022026000000228e-01	-8.002101989000000026e-01	4.163844341000000338e-02	8.458021892000000541e-01	-4.302125412000000204e-01	6.178555151000000162e-02	-4.021851664000000159e-01
1.471460771000000056e+00	1.004391604999999910e+00	1.853537812999999979e+00	-7.785710918999999564e-01	-6.954740098999999676e-01	-3.695769891999999834e-01	5.825974773999999939e-02	-4.021504710000000093e-01	7.477505815999999639e-01	-6.942989292000000257e-01	-1.033970634000000111e+00	-8.774323690999999981e-01	-7.425770909000000142e-01	-1.114108373000000096e+00	-1.558863842000000055e+00	-1.421968563000000074e+00	-1.013385892000000066e+00	-4.723274927000000178e-01	-6.584914865000000006e-01	-8.721251771000000652e-02	5.848170080000000270e-01	-1.184632520000000078e+00	5.276461776999999964e-01	7.319952648999999978e-02	-3.999951005999999830e-03	-2.189567546999999781e+00	-1.635915608999999993e+00
1.336982101999999895e+00	1.117437768999999914e+00	1.841862662000000039e+00	-1.094440394999999899e+00	-3.493343530999999946e-01	-5.754423120999999641e-01	-4.437856651000000180e-02	-3.233608155000000095e-01	1.329872509999999952e+00	-4.812645186000000241e-01	-3.605461241999999844e-01	-3.344783363000000120e-01	-1.337853120999999978e+00	-1.262336504000000081e+00	-1.092896309999999982e+00	-1.010990204999999920e+00	-1.079900603000000014e+00	-6.984541413999999504e-01	-1.913489355000000058e+00	-1.268110046000000102e+00	-5.318200335999999639e-01	-3.426480791000000026e-01	-8.676682115999999612e-01	4.387355518000000121e-01	-3.491466904000000149e-01	2.294839717000000112e-01	-1.624152727000000018e-01
1.427468962000000063e+00	1.072585582000000093e+00	1.814213413000000052e+00	-7.002170102000000451e-01	-6.357372647000000265e-01	-8.083101123999999471e-01	1.601136293000000044e-01	-5.039717232999999519e-01	8.502626921000000504e-01	-5.691507931000000520e-01	-9.729824701000000520e-01	-9.908649762000000250e-01	-1.261978279000000036e+00	-9.822256715999999610e-01	-1.339018433999999980e+00	-1.301782170999999932e+00	-1.448723573000000098e+00	-1.435627798999999927e+00	-2.050353797000000089e+00	6.126262927000000191e-01	4.525157752999999783e-01	-6.106236151999999695e-01	-1.026524720999999918e+00	-2.171026451999999995e-01	-1.367349216000000034e-01	-1.081252442000000036e+00	-2.024804510000000057e+00
1.359938257999999900e+00	1.092247457999999893e+00	1.917551607999999908e+00	-1.152025614000000031e+00	-9.855887183999999523e-01	-6.038530277000000446e-01	-1.575559914999999922e-01	-3.911519524000000025e-01	1.050335451999999892e+00	-2.415744804000000134e-01	-9.874051131000000092e-01	-5.786875781000000440e-01	-7.693841793000000262e-01	-8.835593097999999701e-01	-1.119966239000000030e+00	-1.130374808000000009e+00	-1.688681343999999918e+00	-6.535294294000000281e-01	-6.815725889000000537e-01	-1.358230121000000068e+00	5.555043428999999477e-01	-5.965693314000000136e-01	-4.610763380999999828e-01	-1.065059557999999962e-01	3.044684773999999927e-01	-1.320539283000000008e+00	-2.199470242999999881e-01
1.437831105000000109e+00	1.198180814999999955e+00	1.918428543999999958e+00	-6.377429007999999566e-01	-1.132521773999999981e+00	-7.379297438999999903e-01	3.440027542999999910e-01	-5.749072441999999450e-01	8.652423539000000385e-01	-5.104523696999999638e-01	-2.765882686000000201e-01	-1.070339103000000014e+00	-7.676012758000000380e-01	-1.004244249000000089e+00	-1.492441294000000029e+00	-6.926874781999999842e-01	-1.021525978999999973e+00	-7.417024856999999693e-01	-2.452728625000000218e+00	1.719222313999999863e-01	-1.125486841999999987e-01	-6.388669782000000463e-01	-6.476844159000000323e-01	1.297908693000000002e-01	1.492751911999999903e-01	-4.758436697999999798e-01	-6.636697178999999558e-01
1.380723920000000104e+00	1.096249515000000008e+00	1.915168683999999955e+00	-1.319424404999999911e+00	-1.055590550000000016e+00	-5.680109246000000223e-01	-2.687713713000000060e-01	-2.206474898999999934e-01	6.597905752999999596e-01	-4.679327912999999839e-01	-9.440661268000000161e-01	-4.654454933000000127e-01	-7.959454334000000131e-01	-1.045825747999999944e+00	-1.944674792999999902e+00	-1.269680201999999980e+00	-9.132722062999999446e-01	-7.340118742000000251e-01	-5.986274075999999944e-01	-6.949708634000000274e-01	-1.090433952999999949e-02	-1.926043608999999934e-01	-1.602148723000000052e-01	-5.282160996000000441e-01	2.848648802000000035e-01	-1.026902213000000064e+00	-1.623950433000000082e+00
1.533377070000000009e+00	1.079178658000000013e+00	2.068220650000000216e+00	-6.041925277999999899e-01	-5.832968455000000496e-01	-3.508680209999999744e-01	3.743295670999999825e-01	-2.630675430000000148e-01	3.374503796000000166e-02	-3.676155877000000238e-01	-6.903911194999999834e-01	-3.479243036000000209e-03	-7.561094232999999720e-01	-1.678217969000000087e+00	-1.333775831000000078e+00	-1.112861931999999943e+00	-1.009833057000000034e+00	-2.564690937999999920e-01	-1.644859996000000102e+00	-1.088661716999999918e+00	-7.566262341999999697e-01	-1.916837473999999930e-01	-8.944407477000000384e-01	-1.136835660000000026e+00	-9.739728755000000293e-02	-6.272344587999999499e-01	-7.192860162000000446e-02
1.300256336999999984e+00	1.272506703999999988e+00	1.981436530999999945e+00	-1.359019084000000044e+00	-8.243907362000000294e-01	-3.540869367999999739e-01	-4.202906118999999996e-01	5.845767639999999848e-02	2.928709958999999863e-01	-6.632452259000000128e-01	-5.080511771000000287e-01	-6.019308738999999964e-01	-3.532146205000000205e-01	-1.167979018000000035e+00	-1.301738308000000011e+00	-1.410918820000000018e+00	-1.836111169000000043e+00	-4.092918394999999765e-01	-3.655216875000000254e-01	6.226504482000000396e-01	-8.637011651999999817e-02	-2.495684970000000003e-01	-1.136240069000000075e+00	-1.503967773000000063e+00	-2.797985022999999738e-01	-6.750570447000000529e-01	-1.196215534000000025e+00
1.570353641000000078e+00	1.211388883999999999e+00	1.978783509999999968e+00	-1.953479156000000050e-01	-1.005674079999999915e+00	-5.317731919999999501e-01	6.011835535999999758e-01	-4.436642635999999973e-01	4.792701737999999767e-01	-2.784697701000000136e-01	5.511894225000000258e-01	-6.518761600000000378e-01	-3.169135512999999849e-01	-1.216571985000000078e+00	-7.662215216000000106e-01	-6.918887403000000269e-01	-2.307162701999999843e+00	3.051722136000000196e-01	-4.197848343000000204e-01	-1.571267299000000062e+00	-1.317993632000000082e+00	-6.247345443999999803e-01	-3.605783159000000015e-01	-5.740785535000000328e-01	-9.879576077999999706e-01	-2.866351959999999810e-01	-1.076178177999999930e+00
1.277334022000000013e+00	1.213761834000000039e+00	2.003934361000000219e+00	-1.637272059000000057e+00	-1.041492765000000098e+00	2.010364489000000116e-02	-4.329580160000000011e-01	2.332430104000000060e-01	7.689424061999999838e-01	-5.943567337999999811e-01	8.206024642999999452e-01	-7.553905789000000537e-01	1.058039593999999944e-01	-1.458581389999999978e+00	-1.152545528000000097e+00	-5.951721679000000070e-02	-1.714106109000000044e+00	-1.260641301000000047e-01	-6.114965393000000304e-01	-2.192234403999999970e-01	-2.472212987999999889e-01	-2.327647039999999889e-01	-7.910363328999999721e-01	-7.928702411000000394e-01	-5.770709152999999869e-01	-4.188722691000000276e-01	4.679701915000000212e-01
1.879410417000000111e+00	7.704620059000000243e-01	1.262444954000000008e+00	6.648550773000000413e-01	-4.878436050000000135e-01	-9.651490269000000122e-02	9.912561180000000194e-01	-8.228106977000000377e-01	-1.254536458000000132e-01	-3.527379338000000142e-01	-1.067988205999999968e-01	-1.061962679999999937e+00	-7.043994057000000364e-01	-5.311190523000000052e-01	-6.581736235999999796e-01	6.998467779000000499e-01	-2.061005734000000089e+00	5.758752177000000527e-01	-3.317991236999999760e-01	5.118255520000000169e-01	-1.329309928000000030e+00	-1.276615014000000103e+00	4.210749634000000019e-01	1.658308612999999931e-01	-2.271618051999999999e+00	3.707651912000000105e-01	-1.968793553000000029e+00
2.748601971999999893e-01	-1.403656127000000031e-01	-7.126235199999999548e-01	-7.256040476999999989e+00	1.075952859000000039e-01	1.342249164999999911e+00	-9.508135890000000146e+00	-9.206461189000000322e-01	1.293769570999999896e+00	2.851655200000000168e+00	1.061634531999999936e-01	1.886494019999999938e-01	8.298114707999999506e-01	-4.677125327000000027e-02	-1.250755856000000055e+00	1.041314118000000066e+00	-1.059715135999999891e+00	-1.764066608000000036e-01	-1.176992062999999922e+00	-7.522420424000000327e-01	-6.224032791000000397e-01	2.851833361000000178e-01	6.072420048000000126e-01	-4.097299394000000206e-01	-1.584119276000000021e+00	1.122787648999999943e+00	-5.407001312999999698e-02
5.847871095000000130e-01	1.628963508999999865e-01	-4.704949135000000005e-01	-3.279119051999999979e+00	1.011229281000000091e+00	1.878228463000000126e-01	3.790394459999999910e+00	-5.153631815000000449e-01	4.774416195000000251e-01	2.188346075000000002e-01	6.778867952999999558e-01	2.746949146000000064e-01	1.618052702999999981e-01	-5.174812440999999597e-01	-2.161170280999999971e-01	7.412051290000000459e-02	-1.291469374999999919e+00	4.159531651000000219e-01	-3.176320053000000199e-01	1.263584414000000100e+00	1.083945627000000078e+00	-7.244585810000000459e-01	6.285451083999999966e-01	-4.282393895000000117e-01	-4.207437861000000168e-01	-2.341182008000000092e-01	-1.696815600000000090e+00
1.003858936000000091e+00	7.370620703999999912e-02	-5.186560551000000130e-01	9.153883637999999934e-01	-1.544518534000000054e-01	-7.955960651000000272e-01	1.870666176000000069e+00	-1.183388243000000006e+00	-1.569695024000000022e-02	1.864759445999999987e-01	-1.124293511999999939e+00	-2.030393355000000011e-01	3.926058316000000104e-01	-1.426189700999999976e+00	-6.430864721000000284e-01	-1.368915722999999973e+00	-1.349177792000000098e+00	-1.160615854000000002e+00	-1.674048068000000056e+00	-5.186494347000000227e-01	-1.151772784000000029e-02	-1.778378105999999903e+00	2.166465806999999799e+00	-1.060623015000000002e+00	-5.494040341999999466e-01	-4.205955550000000098e-01	-1.515504836999999938e+00
5.559239191999999496e-01	1.496166311000000082e-01	-5.517473913999999535e-01	-1.003993053999999940e+00	-5.441707538000000177e-01	-1.470274172000000101e+00	-3.063607725999999976e-01	-5.033282245000000321e-01	3.349541503999999836e-01	2.934867278000000135e-01	-9.214151512999999571e-01	5.242577372000000180e-01	-1.692536018999999947e-01	-7.092547952000000100e-01	-5.152762056000000090e-02	-7.836257197999999535e-01	-1.861627630000000089e+00	-1.355784718000000000e+00	-9.148558184999999732e-01	-1.000839715999999990e+00	4.734933258999999839e-01	-5.283204534000000147e-02	-1.555834501999999953e+00	-2.054542484999999807e+00	3.059163878999999753e-01	1.285747425999999916e+00	3.003504403000000211e-01
8.223296284000000123e-01	2.835198775000000171e-01	-2.974015775000000139e-01	5.571807076000000469e-01	5.853635454000000182e-02	-9.615187214999999510e-01	9.157865893000000090e-01	-2.827941917999999832e-01	-4.791108028999999796e-02	-4.041541837999999831e-02	1.096035025000000052e-01	4.506737990999999943e-01	9.994356595000000176e-01	-1.067068439999999896e+00	1.512679622999999918e+00	3.277444903000000243e-01	-2.416074141999999814e+00	2.807573737999999874e-01	-3.176444861000000258e-02	-6.081527547999999728e-01	-7.211591467000000311e-01	-4.411288817999999834e-01	-5.485528723999999468e-01	-1.629851516000000000e+00	-3.687591578000000148e-01	-1.251820432000000094e-01	-1.807038219000000057e+00
5.867956546999999468e-01	3.399565810999999882e-01	-3.927482506000000151e-01	-5.385290811999999816e-01	1.197348243000000007e-01	-9.949093400999999837e-01	-1.550541216000000111e-01	2.933215812000000144e-01	-4.165646603999999947e-02	-6.246549415000000050e-01	-5.556011347000000544e-01	3.092071784000000045e-01	1.334189403000000107e-01	-2.069341350999999829e+00	5.763628025999999460e-01	4.458262853000000137e-01	-3.886790344000000119e-01	4.638125416000000167e-01	-9.221176695999999673e-01	-6.655672075999999882e-01	3.255852917000000013e-01	-9.106623769999999674e-02	2.681822609000000246e-01	-9.464107269999999517e-01	-9.183762880000000406e-01	-1.410821461999999915e+00	-3.919604109000000003e-01
5.837549034000000248e-01	2.268293473000000116e-01	-5.126602837000000523e-01	5.251987324000000346e-01	-5.731721212000000509e-01	-8.622323224000000286e-01	3.163883336000000157e-01	3.512598733999999778e-01	3.689758258999999985e-01	-7.975655215000000409e-01	-5.060811257999999757e-01	-6.159595826999999524e-01	-6.427031740999999965e-01	-1.248659028000000060e+00	-8.123445579000000416e-01	4.379891873000000269e-01	-7.823628837999999641e-01	-2.373140041000000033e-01	-9.910437220000000158e-01	1.050978294999999951e+00	-1.652098173999999864e-01	-5.155968494999999679e-02	-4.231452659000000116e-01	-1.642392682000000104e+00	-8.766508225000000376e-01	-1.508174493000000060e+00	-4.961187031000000025e-01
4.133528035999999850e-01	2.698354711000000017e-01	-6.467686906999999819e-01	-1.315824029000000062e-01	-7.056842134999999905e-01	-1.067147330000000061e+00	-1.116866814000000013e-01	4.250814864999999942e-01	4.769623995999999755e-01	-3.187833462999999923e-01	-5.239791818000000267e-01	-4.932798588000000262e-01	-1.059788598999999998e+00	-1.760710224000000101e+00	-1.104526848999999977e+00	2.464878993999999879e-01	-4.993066878999999902e-01	-3.682048759000000060e-01	-8.595763669000000551e-02	-1.421113802999999898e+00	-1.413227162000000037e-01	-1.343873854000000034e-01	-3.706667076999999866e-01	-9.364747782000000242e-01	-6.218224974999999599e-01	-2.791506383999999841e-01	-9.669181368999999471e-01
4.380440851999999885e-01	2.533667150999999729e-01	-6.020785467000000502e-01	4.583484865999999935e-01	-8.137635549999999718e-01	-5.703021889999999594e-01	3.317003585000000143e-01	5.358245861999999526e-01	2.532371388999999917e-01	-2.816100270999999933e-01	-5.814072173000000010e-01	-7.428730197999999785e-01	-7.207424548999999958e-01	-1.051668934000000055e+00	-6.825983838000000414e-01	-4.932822903999999897e-01	-1.297502603000000088e+00	-9.845814773000000075e-01	-7.120255827999999454e-01	3.551121457999999870e-02	1.618324795999999954e-01	-2.110412680999999846e-02	-8.869668005999999938e-01	-1.480023907000000083e+00	-1.002104630999999912e+00	-2.534172524999999787e+00	1.192355317000000081e+00
3.717853713000000004e-01	2.860070277999999799e-01	-6.054002899000000548e-01	5.419807666999999773e-02	-6.710197313000000330e-01	-4.240651118000000053e-01	-2.392715521999999873e-01	4.655763847000000122e-01	3.385976212999999846e-01	-2.364183793000000089e-01	-5.965080389000000372e-01	-3.461463018000000003e-01	-8.603805529000000396e-01	-9.299314552999999872e-01	-1.586909765999999999e+00	4.846649326000000008e-02	-7.378866243999999686e-01	-4.469215778999999777e-01	8.469726616999999624e-01	-5.778644399000000265e-01	-1.457270299000000026e-02	6.554787784000000450e-02	-1.361841840999999942e+00	-6.256473144999999958e-01	-4.092876516999999770e-01	5.017121303999999560e-01	-1.571350245000000090e+00
3.589939187999999781e-01	3.831625693999999860e-01	-4.754577399000000093e-01	3.510282070999999893e-01	-4.604338262000000070e-01	-2.890876539000000189e-01	1.196418281999999944e-01	6.377460236999999976e-01	-8.989680713000000600e-02	7.442019991999999917e-02	-5.362104386999999583e-01	1.878407031999999866e-02	-4.258008859999999896e-01	-1.380957313999999991e+00	-9.176856670999999910e-01	-3.931205743000000252e-01	-2.959675177000000157e-01	-1.478667901000000062e-01	-9.648774539000000150e-01	-9.982587362999999492e-01	-4.923809549000000146e-02	5.117759014999999634e-01	-4.731194422000000177e-01	3.528652020999999833e-02	-1.510823653000000100e+00	-2.409760309999999794e+00	1.187065063000000004e-01
2.525999096000000055e-01	2.851797589999999771e-01	-6.103787954999999599e-01	-1.393463943999999899e-01	-5.171178063000000380e-01	-3.744552724999999915e-01	-3.461943769999999976e-01	6.836147286999999517e-01	3.755248625000000007e-01	-8.774456117000000166e-01	-6.646754370999999884e-01	-3.868531749999999936e-01	-4.768303474000000208e-01	-9.779380001999999905e-01	-1.135715089000000066e+00	-1.289292212000000104e+00	-2.214548400999999944e-01	-6.956019849000000255e-01	4.714623343000000077e-01	1.019548045999999930e+00	7.669522230999999968e-01	1.303237381000000028e-01	-1.569263550999999923e+00	-5.014972868000000528e-01	-1.098143985000000100e+00	-2.263126132999999929e-01	-4.586697806000000210e-01
3.304181701000000193e-01	3.649628003000000009e-01	-3.735325889000000177e-01	3.353909303000000008e-01	-3.343001177000000101e-01	-5.025530564000000311e-01	1.793278966000000085e-01	5.551008776000000422e-01	3.180483805000000053e-01	2.819742566999999811e-01	-1.281212897000000017e-01	5.349787107000000125e-02	1.790965731999999977e-01	-9.748793855999999813e-01	3.137259740000000185e-01	-6.905670869000000156e-01	-9.763629466000000034e-01	-4.188670460000000206e-01	3.235848043999999812e-01	-1.305211042999999904e+00	-2.454330836999999987e-01	-4.990135750000000009e-02	-1.219120897999999897e+00	1.021145943000000056e+00	-1.286049645999999935e+00	-1.990318380999999970e-01	-2.618488526000000149e-01
3.548965573999999790e-01	3.237978899999999771e-01	-5.445208353999999584e-01	-7.247841611999999989e-02	-1.946809540999999977e-01	-3.988742375000000062e-01	-9.126662856999999407e-02	5.659507625999999902e-01	6.686657687000000516e-01	-4.898952426000000027e-01	8.396655597999999610e-03	-4.433013552999999773e-01	1.371932328000000090e-01	2.015951353000000057e-01	6.151857317000000158e-01	-1.248448083000000021e-02	-6.571899552000000089e-01	-2.335307990999999916e-01	-5.126204709999999665e-01	1.132541620000000027e+00	-5.945217513999999648e-01	-2.722868649000000085e-02	-6.260503641000000341e-01	1.419903088999999952e+00	2.625847311000000239e-01	-3.135523625000000147e-01	3.428774891999999963e-01
4.968665380000000242e-01	3.100427292999999862e-01	-3.593163050000000025e-01	8.789163345999999322e-02	-2.592794536999999955e-01	-6.100020882000000144e-01	1.145776235999999976e-01	2.070395929000000135e-01	-1.387000657999999942e-01	-1.625006277000000041e-02	-1.072244012000000080e+00	2.420218030999999881e-01	2.256520275999999825e+00	1.677926037999999953e-01	9.148797607999999970e-01	2.176277167000000012e-01	1.301969050999999933e+00	-1.414360296999999989e+00	6.999707214000000510e-01	-4.429753877000000006e-01	2.745984993999999943e-02	1.122845050000000011e+00	1.086390141999999948e+00	-8.349378922000000314e-02	-2.902338174999999909e-01	5.179232035999999928e-01	-1.552327581999999873e-01
3.682369435000000246e-01	2.984184885999999759e-01	-3.441849596000000067e-01	-1.972803723000000065e-01	-1.267535889999999998e-01	-8.498303637000000077e-02	-9.769417412000000467e-02	6.546294083999999458e-01	-2.945409928000000122e-01	-3.236475845999999823e-01	-9.171812015000000429e-01	7.792877833000000365e-01	9.749871273000000338e-01	-1.102383690999999999e+00	9.098663612999999817e-01	-4.249387056000000218e-01	2.400687573999999991e-01	-1.279441239000000119e-01	-1.844209726999999910e-01	7.890078824999999796e-01	-1.190090158000000065e+00	-4.509337131999999748e-01	1.092166034000000008e-01	5.031263538000000368e-01	-4.182436882000000189e-01	2.348664887999999951e-01	9.367432360999999874e-01
3.691670529000000145e-01	2.947126474000000274e-01	-4.452606842999999870e-01	1.331853138999999908e-01	-5.391326843999999507e-01	-2.647956953999999752e-01	-2.497639947000000055e-02	7.381158633000000080e-01	-2.113727722000000031e-01	-3.190622040000000159e-01	-6.181869479999999584e-01	8.912412340000000488e-02	-7.433210151000000376e-01	-4.569080381999999774e-01	-1.059451693000000028e-01	-9.601073315000000497e-01	-1.021878449999999994e-01	3.200406358999999812e-01	3.239100424999999950e-01	9.891117565999999472e-01	-1.318903825999999890e+00	-7.405241948999999879e-01	2.774944250999999973e-01	3.881320313000000133e-01	4.198501926000000051e-01	-8.768710705000000161e-01	-1.319875233999999953e+00
1.799293896999999975e-01	2.520921064000000156e-01	-4.633525659000000130e-01	-3.378341079000000136e-01	-1.467830476000000051e+00	-4.562631466000000025e-01	-3.074789922000000231e-01	1.073608335999999941e+00	-6.963383063000000428e-01	-1.899968254999999939e-01	-1.021866538999999907e+00	-3.290745247000000095e-02	-1.330954291000000067e+00	-1.177439072000000087e+00	-7.862174691000000104e-01	-8.935192882000000392e-01	2.576827859999999970e-01	-1.545922413999999967e-01	-5.515848880999999482e-01	-4.868671654999999765e-01	-1.687486443999999919e+00	-1.478481068999999981e-01	7.317101969999999511e-01	1.436542378000000009e-01	5.835366713999999844e-01	-8.788223857000000416e-01	2.209701933000000063e-01
1.732910048999999897e-01	3.010774181999999882e-02	-5.440716871999999871e-01	-9.013341688999999823e-02	-2.381808938999999903e+00	-5.394234173999999937e-01	-4.739177779000000035e-01	1.057540624000000040e+00	-9.529256166999999778e-01	-3.745086095999999865e-01	-2.130237794000000129e+00	1.334733676000000036e-01	-1.623322402000000109e+00	-2.953356950000000092e-01	-1.577970370000000067e+00	-1.047157635999999892e+00	3.447493610999999847e-01	-7.425369202999999585e-01	-6.076676865000000261e-01	1.197118855000000037e+00	-6.291179945000000551e-01	1.049447151999999966e-01	-6.536501851999999557e-01	-5.609497756000000335e-01	4.494624972999999857e-01	-2.080567759999999988e-01	2.610358219000000202e-01
8.964887614000000005e-02	6.996515523999999320e-02	-4.958710626999999760e-01	-1.363302325000000093e-01	-1.698525682000000092e+00	-1.624049136999999865e-01	-4.917782997999999850e-01	1.114769396000000024e+00	-7.980889960999999477e-01	-2.253019092999999917e-01	-1.586828517999999910e+00	1.675808296999999891e-01	-1.119480993999999896e+00	-8.206393431999999821e-01	-1.397455582999999946e+00	-7.688171937000000122e-01	1.869691887999999913e-01	-5.990555172999999511e-01	8.652514892999999541e-01	-1.090908651999999979e+00	-7.179288312999999866e-02	5.430401230000000412e-01	-1.101275186000000073e+00	1.146517298999999990e-01	6.074648795999999518e-01	6.277862565000000283e-02	-1.457406570999999929e+00
6.893753893000000021e-02	1.179181383000000027e-01	-5.319402014999999873e-01	-6.300543308000000620e-02	-1.142068102999999946e+00	-1.477847103999999911e-01	-3.672497852000000118e-01	1.033654027999999947e+00	-5.777838656999999545e-01	1.444913289000000073e-02	-1.337143095999999920e+00	2.606718445999999800e-01	-2.395507148000000086e-01	-4.083992264999999899e-01	-7.361930962999999606e-01	-8.393444286000000254e-01	-1.183779157999999970e-01	-1.347492262999999912e+00	-3.429542091000000181e-01	-6.608783296000000362e-01	8.029719785000000165e-01	6.197972971999999858e-01	-1.049062866000000094e+00	9.635621131999999589e-01	-7.693825952999999718e-01	-1.037001338999999911e+00	5.808371692999999558e-01
1.290624237000000119e-01	1.235749465000000047e-01	-4.732464349000000126e-01	-2.515206582000000246e-01	-2.591213566999999926e-02	1.300315656000000097e-01	-3.048341178000000262e-01	8.765881940999999955e-01	6.383590965999999534e-02	-2.050031093999999873e-02	-7.793911022999999716e-01	4.944203070000000033e-01	9.979732872000000032e-01	2.880051301000000064e-01	-4.848783817999999801e-01	-7.672179026000000013e-01	3.372565089999999821e-01	-1.147034228000000100e+00	1.112420624999999941e+00	2.219278926999999901e-02	8.378879543999999679e-01	9.214635736999999827e-01	-2.151663470999999994e+00	1.670181300999999952e+00	-2.899444952999999936e-01	5.675667121999999898e-02	2.812274927000000049e-02
2.715828867999999785e-01	3.005719796999999915e-01	-5.708092966000000157e-01	1.284861035000000040e-01	7.808055055999999494e-01	4.987622331000000075e-01	2.335314467999999866e-01	3.527962580999999820e-01	5.684338425999999611e-01	1.366032013000000045e-01	2.592915606999999789e-01	2.815840381999999975e-01	1.347198104999999924e+00	7.744835512000000088e-01	-1.256707444999999868e-01	1.762597530999999995e-01	-4.522308228999999957e-01	-6.461008461999999397e-02	2.464255448999999876e-01	-1.012222831999999961e+00	-2.402101065000000063e-02	5.577608740999999704e-01	-2.723787279000000061e-01	2.445282428000000063e+00	6.955479183999999648e-01	7.818325965000000322e-01	9.380765482999999794e-01
2.511625155000000165e-01	2.890587096000000189e-01	-4.544019047999999783e-01	1.802021584000000065e-01	1.492573683999999901e+00	7.685259587999999642e-01	1.857240676999999951e-01	6.369973349999999979e-01	4.886520042999999980e-01	-6.272844789000000532e-01	8.735554054999999929e-01	7.339321856999999616e-01	1.034529744999999945e+00	8.756099511999999585e-01	9.552706155000000310e-01	9.267759964999999767e-01	-3.952116999999999991e-01	9.234718884999999489e-01	-9.962425848000000528e-01	7.439748863999999795e-01	4.694933620000000252e-01	2.614920564000000058e-01	1.004629764999999918e-02	1.290424406000000079e+00	1.685947943999999976e-01	1.321880591000000049e-01	-5.891006463000000304e-01
1.566184382999999958e-01	3.576482932999999753e-02	-5.507508385999999589e-01	2.786507227999999725e-01	5.148000879999999890e-01	2.140697239999999890e-01	1.636583956999999867e-01	1.061287300000000045e+00	-4.794933050000000263e-04	-1.249336521999999894e+00	-7.222334707999999992e-02	-7.473224042999999928e-03	-4.141882606999999772e-01	-1.008986578000000030e-02	2.371763628999999929e-01	6.021456989000000259e-01	9.110451073000000455e-02	5.803098870999999770e-01	-3.323644324999999733e-01	1.939076996000000108e-01	-2.091492077999999866e-02	-4.079609649000000005e-01	2.170141343000000056e+00	8.213900787000000259e-01	1.276782867999999960e+00	-7.396096216999999973e-01	-1.359052552000000080e+00
-8.656710895999999988e-02	2.360763239999999832e-02	-6.969032366999999839e-01	5.599139751999999970e-02	-1.343268536999999929e+00	-3.900856764000000254e-01	-1.461990565999999880e-01	1.313617156000000064e+00	-3.051378232999999995e-01	-1.325686316999999947e+00	-5.496785402999999626e-01	-6.133714805000000103e-01	-1.531649103999999983e+00	1.358037420000000016e-02	-7.163965446000000181e-01	-4.869270012999999953e-01	2.647149717000000235e-01	-5.542230312999999464e-01	-1.118090789999999890e+00	-6.405925325000000337e-02	1.707880260000000094e-01	2.523306476000000131e-01	1.490931218000000058e+00	-2.002852414999999886e-01	6.697959451999999647e-01	-4.222749601999999935e-01	3.665371116000000207e-01
-8.592516077999999558e-02	-6.631151437000000481e-02	-6.293566547000000178e-01	7.600551602999999767e-02	-1.302733318999999890e+00	-3.305265753000000140e-01	-3.201231473999999744e-01	1.486635748000000090e+00	-6.022936184999999609e-01	-9.692045235999999786e-01	-1.531744937000000029e+00	-6.489239816999999855e-01	-1.824812719999999944e+00	8.211401162000000475e-01	-4.787185570999999973e-01	-7.766702704000000290e-01	1.915881875999999873e-01	-1.737966922000000025e+00	-9.702341692999999490e-01	1.849635776000000120e-01	7.375876129999999753e-01	5.546317975000000233e-01	-2.432761421000000090e-01	-3.472919525000000007e-01	-1.062037603999999996e-01	-1.267963077999999966e+00	-1.143460415999999924e+00
-1.386178275999999931e-01	-1.507390293000000075e-02	-6.283647788999999761e-01	-2.013873183000000067e-01	-8.410522708000000014e-01	-5.834669369999999633e-01	-3.915282569999999907e-01	1.164265220000000101e+00	-1.460171201999999890e-01	-4.913814269999999818e-01	-1.747375890999999903e+00	-9.468936341000000478e-01	-1.137999913999999890e+00	8.473408838999999526e-01	-4.112861446000000143e-01	-1.111477550000000036e+00	-3.499752353000000205e-01	-1.839317855000000002e+00	9.123389105000000443e-01	-1.618053045999999995e+00	8.594814626000000235e-01	1.436854945999999911e-01	-5.837092304000000009e-01	6.336369090000000259e-01	1.057391047000000084e+00	-4.920072654000000045e-01	6.557716904999999485e-01
-2.549379616999999931e-02	-8.928632907000000341e-02	-5.441326439000000459e-01	2.798641153000000145e-02	-2.088215857999999869e-01	-9.446242408999999673e-01	-3.902676951999999866e-01	9.626033244999999683e-01	-4.469854019999999761e-02	-1.253265010000000068e-01	-1.413289344000000058e+00	4.542872760999999704e-02	-4.113480749999999797e-01	1.895765431999999917e+00	2.721977089000000016e-01	-1.291767427999999995e+00	2.230135175999999886e-01	-1.695953255999999909e+00	-4.754769482999999797e-01	-9.357694143000000464e-01	7.185667568000000394e-01	8.310963607000000364e-01	-1.553531551999999927e+00	3.689902351000000080e-01	2.620371056999999948e-01	3.758929094999999831e-01	1.121891449999999901e+00
-3.064891583999999891e-02	9.303813270999999885e-02	-3.777118971000000269e-01	-5.743238410999999821e-02	3.575956517000000168e-01	-4.207833994999999883e-01	-1.996089557000000070e-01	1.175615210999999993e+00	-2.575164318000000008e-01	-3.609751959999999982e-01	-1.563817891000000015e-01	5.399856390999999839e-02	1.446948490999999892e+00	1.404834949000000055e+00	1.005199195000000101e+00	-6.502579258999999778e-01	-5.681206393000000077e-01	-1.196997762999999937e+00	1.990513573000000092e+00	-1.450539674000000057e+00	-1.049197349000000057e-01	1.008142748000000033e+00	-1.409982559999999996e+00	1.677066294000000013e-01	7.770659366000000068e-01	2.853982690999999905e-01	-2.770078067000000255e-01
1.181286094999999953e-01	3.940211035000000250e-01	-2.781703796000000173e-01	2.747259771000000184e-01	1.473050513000000006e+00	1.409538435999999895e-01	2.456740611000000074e-01	1.244232855999999998e+00	-1.780862032999999955e-01	-2.563190835999999972e-01	9.603884914000000439e-01	6.394688831999999490e-01	1.743542125999999914e+00	1.151674906999999998e-01	1.880477731000000041e+00	8.085076506999999690e-01	-3.374807818000000181e-01	3.740969848999999882e-03	3.123556839000000140e-01	-8.116882954999999900e-01	-2.309530405000000119e-01	5.387013663999999924e-01	-2.197862770000000021e-01	5.479003304999999768e-01	-7.654532080999999488e-01	-3.549401360000000172e-01	1.072593359000000079e+00
1.095778904999999970e-01	5.539344591999999512e-01	-3.373486512000000159e-01	3.603571776000000226e-01	9.670079533000000005e-01	-1.436010859000000084e-01	-3.045195726999999977e-02	1.117986952999999950e+00	2.047513602000000099e-01	-1.247868113000000001e+00	1.168017899999999942e+00	2.407232591000000033e-01	8.080838798999999684e-01	3.077224849999999831e-02	1.328788944000000027e+00	8.622584857999999741e-01	4.578822591000000219e-01	1.309839835000000008e+00	6.180872407999999929e-01	2.031286607000000188e+00	3.557900457000000016e-01	-6.269119631999999775e-01	1.359573275000000026e-01	6.222579593000000520e-01	2.642832460999999800e-01	-6.780689437999999625e-02	-5.898949648000000323e-01
7.925327416999999874e-02	6.135528520999999902e-01	-4.805809495000000209e-01	3.679490326000000033e-01	6.100320262000000215e-02	-3.937831774000000173e-01	2.332721403000000138e-01	1.150450501999999986e+00	-8.360795582999999698e-02	-7.638254921999999836e-02	5.530176006999999450e-01	1.420937282999999995e-01	-2.922088714000000143e-01	2.069107416000000033e-01	1.083828248999999938e-01	5.997737816999999527e-01	3.162115355999999822e-01	1.263448844000000015e+00	2.112492253000000098e-01	-1.408161934999999920e-01	-9.697396016999999535e-01	-2.261174920000000033e-01	1.737558493000000093e+00	6.180669453999999563e-01	-1.603522649999999938e-01	-6.338565016999999635e-01	4.206910856000000143e-01
2.525731257999999993e-02	4.217063758999999856e-01	-4.718307527999999751e-01	-1.382826771000000010e-01	5.893751686999999795e-02	-5.699873871999999730e-01	-2.539447678000000264e-01	9.735973371999999681e-01	-6.747779616000000313e-01	-5.777100773000000133e-01	-1.102050404000000094e+00	-2.749721647999999741e-01	-8.293801243999999739e-01	4.233496266999999813e-01	5.431653789999999482e-01	2.883870174000000008e-01	2.348813020999999945e-01	2.204701350000000115e-01	1.831673333999999931e-01	1.206265644999999997e+00	-6.200639538000000117e-01	-4.887287110999999906e-01	7.471404429000000347e-02	-3.038468453000000014e-01	1.423731252999999919e+00	-4.280739921999999753e-01	1.376906975999999894e+00
3.359563620000000084e-02	2.436074977999999891e-01	-4.592021316000000075e-01	-8.325677514000000626e-03	-6.595886708000000542e-01	-5.278063022000000215e-01	-3.366498157000000213e-01	1.185061713000000072e+00	-5.490055180999999784e-01	-1.823448333999999962e-02	-1.419955878999999976e+00	-2.025478014000000049e-01	-1.181042705999999942e+00	1.238577707999999999e+00	2.093469195000000060e-01	-2.840708001000000205e-01	1.839543213000000010e-01	-7.011793875999999814e-02	1.036078609999999955e-01	-1.894334673999999996e-01	-8.349176117000000064e-01	1.604375380999999851e-02	3.651375433999999864e-01	-4.406492966000000178e-01	3.879546665999999977e-01	-8.922783348999999697e-01	-2.156973957999999969e-01
-4.687523076000000427e-03	1.532047444000000092e-01	-4.824202007000000236e-01	-3.047404398999999930e-01	-3.471550599000000070e-01	2.646534883000000171e-01	-2.995001326999999769e-01	1.155164486000000101e+00	-7.359473174999999756e-01	-2.785505558999999964e-01	-1.244874424000000035e+00	8.174107399999999690e-02	-6.814390412999999924e-01	8.415995874999999682e-01	-4.304935362999999793e-01	-1.883815886000000106e-01	2.926390260999999771e-01	6.039031562999999658e-02	-2.113124336999999964e-01	-7.765590698000000014e-01	-9.015641939000000604e-02	1.655214295000000113e-01	-1.560330779999999917e+00	5.886169664000000523e-01	1.470675619999999961e+00	1.195189591000000107e+00	4.971287837000000209e-01
8.868731123999999688e-02	2.297828332000000084e-01	-4.618902630000000231e-01	-6.590787636000000616e-02	-2.594885310000000223e-01	2.205934055999999865e-01	-3.012221305000000182e-01	9.801486213000000225e-01	-3.904285789999999978e-01	1.002733125999999975e-01	-1.079688865000000053e+00	-3.999935227999999732e-02	-2.171986498000000043e-01	1.941691513999999952e+00	-1.582982776999999897e-01	-1.802921406000000115e-01	1.892722827999999968e-01	-2.610880098000000205e-01	2.206261780999999866e-01	-3.778651454999999992e-01	6.920966412000000290e-01	8.111465962000000141e-02	1.959350820999999909e-01	5.992007482000000218e-01	4.673984210000000084e-01	-8.417161635000000031e-01	5.667324174000000214e-01
1.737016580000000018e-02	2.868271146999999965e-01	-4.182411985999999748e-01	-2.228872352999999862e-01	3.325770793999999753e-01	4.543142484000000092e-01	1.508678991000000002e-03	1.254784995000000070e+00	1.870559451000000095e-01	-1.417404993999999974e-01	-1.103887708999999953e-02	4.579535888999999860e-02	5.717359753999999850e-01	1.381610027000000018e+00	-4.099268086000000255e-01	-2.859370874000000118e-01	2.464664736000000134e-01	-8.562564888000000207e-02	-5.452638279999999504e-01	-1.644639799999999985e+00	-3.500542493000000088e-01	5.469483962000000199e-01	-1.111044616000000040e+00	1.484828701000000084e+00	9.703038097999999723e-01	1.471672553000000105e+00	2.083373313000000115e-01
1.292273576000000090e-01	3.603860774000000045e-01	-4.400458720000000046e-01	2.681782643000000244e-01	4.048404626000000062e-01	3.606973674999999768e-01	8.930504262999999776e-02	8.347754992999999457e-01	7.644317240000000346e-01	-2.564807870999999961e-01	9.656354389000000316e-01	-2.213910511000000136e-01	7.300548017000000334e-01	1.612866512000000085e+00	-5.266057477000000153e-01	5.553176908000000411e-01	6.854769483000000378e-03	1.899120458999999927e-01	3.513275060000000116e-01	-3.571777050000000120e-01	1.803038995000000089e+00	-2.929709824000000240e-01	3.655328486000000016e-02	1.238161320999999981e+00	1.144226356999999972e+00	1.248704201000000014e+00	1.055324080999999969e+00
1.592452239999999908e-01	4.216991773000000054e-01	-2.747982072999999859e-01	1.930528035999999892e-01	9.530500106000000526e-01	8.852180791000000548e-01	4.267705433000000270e-01	1.055462684999999956e+00	9.197534349000000553e-01	-3.439020260999999801e-01	1.544800162999999893e+00	-3.985962610000000073e-01	8.376830670999999562e-01	1.612537526000000110e+00	1.834051513999999938e-01	9.093515057000000068e-01	2.940232173999999810e-01	1.718893116000000110e-01	-5.646608148999999743e-01	-2.600909469000000085e-01	5.603023910000000107e-01	-2.814419047000000229e-01	2.103706136999999865e-01	1.461642228999999960e+00	1.769455763999999987e-01	-1.132316428000000076e-02	-2.698573576000000140e-01
1.255550162000000081e-01	6.229679305999999972e-01	-3.436338462999999899e-01	4.648864979999999814e-01	6.784010503999999830e-01	8.239849920999999799e-01	4.474599539999999931e-01	7.456756313000000302e-01	8.345635495000000015e-01	-3.624075533000000182e-01	1.338283595000000048e+00	-5.447035389000000061e-01	7.111739040000000234e-01	5.367584654999999483e-01	-5.739308436000000180e-01	7.598219430000000552e-01	-6.964818676999999514e-02	-2.037831807999999911e-01	2.656226503999999933e-01	1.562324791999999962e-01	1.126018621999999914e+00	-8.408773990000000254e-01	1.379022602999999902e+00	1.415878825999999924e+00	1.293872848999999992e+00	6.177314877999999787e-01	6.276307723999999810e-01
1.327599291000000070e-01	6.558921870999999681e-01	-3.953301813999999803e-01	1.529384218000000017e-01	9.249243403000000363e-01	1.009721373000000089e+00	3.112563839999999971e-01	7.026097688000000341e-01	6.854989835999999448e-01	1.619981000000000060e-01	1.423414748999999979e+00	-6.756087571000000125e-01	7.301141047000000439e-01	1.136615291000000028e+00	-4.642775135000000164e-01	2.901423958000000081e-01	1.375130066999999956e-01	-7.640674201999999582e-01	4.305865173000000268e-01	1.093100777999999940e+00	8.640464173999999609e-02	-4.725121748000000177e-01	1.350818604999999950e+00	1.378127539000000068e+00	7.678279218000000350e-01	-3.460868952000000220e-01	1.773353360999999906e-01
6.115118413000000114e-02	5.744053430000000127e-01	-4.103970352999999904e-01	1.217577568000000054e-01	6.370068184999999605e-01	1.465235614000000020e-01	2.733646457000000196e-01	9.608979749999999598e-01	4.797331604000000249e-01	9.776500464000000001e-02	9.321023684000000475e-01	-9.098409790000000497e-01	-3.701539557999999897e-01	-2.621578486000000208e-01	-2.880855096000000115e-01	-4.869228827000000037e-01	6.802968021999999948e-01	-1.252964245000000032e+00	1.280668986999999870e-01	-7.961165006000000544e-01	-8.679338847999999995e-01	-6.097052835999999809e-01	1.966119769000000073e+00	1.038683688999999966e+00	1.732668344999999999e+00	-4.750348085000000165e-01	-1.977395510000000134e-01
5.067746771000000011e-02	4.517678006999999996e-01	-3.959017428000000116e-01	-1.314896672999999946e-02	-6.748174459000000347e-01	-5.717715498000000007e-01	1.550996075999999946e-01	7.628485171000000120e-01	-1.568764148000000025e-01	1.821268051999999915e-01	6.056915132000000312e-01	-6.632243186999999818e-01	-5.877758494000000500e-01	8.497347315999999318e-03	2.554240568999999739e-01	-7.909361597999999827e-01	5.383541270000000156e-03	-2.104219962000000166e+00	3.900029461000000253e-01	1.258824845999999997e+00	-1.089648637000000031e+00	-4.708090704999999820e-01	2.661366289000000052e-01	4.551435280000000194e-01	1.533703695000000033e+00	1.039332321000000059e+00	1.580260014000000046e+00
4.107829506999999963e-02	5.358671461999999774e-01	-2.795087666000000137e-01	1.118420499999999984e-01	-5.165060139999999578e-01	-8.022840042000000116e-01	1.416290602999999981e-01	1.235625970999999934e+00	-2.538900638999999973e-02	2.090692000999999911e-01	6.257108762999999962e-01	-3.982622585999999743e-01	-7.738985435999999885e-01	-5.238906790999999785e-01	2.179440708000000004e-01	-2.159809158999999867e-01	7.662485731000000522e-01	-1.202581687999999982e+00	7.420920358000000494e-01	1.114628231000000004e-02	-1.568130634999999939e+00	-2.214180222999999892e-01	6.060749748000000547e-01	5.787616456999999937e-01	1.476120488000000064e+00	-7.630966917000000516e-01	-1.350304761999999936e+00
-2.285525408999999897e-02	3.350877607000000147e-01	-4.169976914999999895e-01	6.551868208000000138e-02	-1.275860516999999916e+00	-1.066015248000000026e+00	-2.822288282000000037e-01	1.206867684000000107e+00	-4.326302492999999916e-01	-3.657853081999999922e-01	-1.581438306000000071e-01	-8.330207740999999722e-01	-1.520016331999999970e+00	-2.946848222999999822e-01	-1.593444859000000061e-02	-7.639165747999999700e-01	1.076040450000000037e+00	-1.299304468000000101e+00	2.777395361000000173e-01	1.422070350000000094e-01	-1.312929677999999933e-01	1.365084626999999926e-02	-1.110616690999999961e-01	-3.342889206999999918e-01	8.315635319999999941e-01	-1.671898373000000049e-01	1.038091587000000038e+00
8.545383360000000095e-02	3.893714647000000029e-01	-3.409300135000000176e-01	2.533192309000000253e-01	-7.346241611999999588e-01	-2.956841253999999974e-01	-7.402640983000000063e-02	1.513796444000000019e+00	-2.616770649999999865e-01	2.260689194000000124e-01	1.774304368000000076e-01	-1.692636240000000014e-01	-9.253046828000000001e-01	6.241429743999999946e-01	-6.228260469999999938e-01	2.023365434000000060e-02	7.137338235000000308e-01	-9.401742852000000150e-01	9.840060162000000554e-01	-4.003735318000000154e-01	-4.958839815000000151e-01	5.560577067999999956e-01	-2.054145551999999875e-01	-9.368180448000000202e-03	-2.137586726000000048e-01	-6.416637731000000011e-01	-6.756375638999999600e-01
3.260796575000000225e-02	3.541053088000000182e-01	-2.448700792999999876e-01	1.223707718000000000e-01	-4.132340481999999815e-01	-1.738610495000000034e-01	-2.551188427000000009e-02	1.475083042000000066e+00	-5.828154433000000134e-01	-2.043905138000000066e-01	4.461909139999999940e-01	-4.475379588999999769e-01	-4.778791713000000163e-01	-8.672275555000000247e-02	-1.585099634999999951e+00	1.781391495000000103e-01	7.023749863999999565e-01	-7.699750320999999564e-01	7.333959198999999707e-01	-6.036714691000000244e-01	-2.426310221999999905e-01	4.479992349999999957e-01	-4.729777354999999961e-01	-4.105716169999999998e-01	3.738985769000000015e-01	1.879318737000000017e-01	1.236830651000000003e+00
8.630125050999999659e-02	4.620572270000000148e-01	-2.597678395999999945e-01	3.447783999999999849e-01	-3.485034738000000187e-01	1.534812993999999930e-01	1.034915482999999997e-01	1.341960392000000057e+00	-1.445853951999999942e-01	6.038200408999999658e-01	7.652564787000000202e-01	-2.218815487000000072e-02	1.313896425999999951e-01	1.598532336999999970e+00	-8.542475474999999818e-01	8.569708445000000507e-01	-2.510795129000000046e-03	-6.304292953000000255e-01	1.286899675999999992e+00	-5.520044395999999798e-02	-8.142549409999999543e-02	3.554927172999999829e-01	-4.005561818000000218e-01	-4.282077393000000010e-01	-1.192759388999999892e+00	-1.083025906999999899e+00	8.190675212000000371e-01
1.191428753000000063e-01	5.764349558000000373e-01	-1.526846621000000070e-01	-1.083473310999999994e-01	6.230105636999999641e-01	7.483301121000000000e-01	8.774930870000000049e-02	1.371697565999999924e+00	-6.349100510999999836e-01	-6.917241078999999959e-02	3.932605314000000019e-01	2.819621895000000156e-01	3.664835288000000135e-01	4.514240687000000141e-01	-4.437603862000000232e-01	9.630557987000000209e-01	3.578368901000000268e-01	8.030075092999999775e-01	3.457313030999999981e-01	-5.415648558000000223e-01	-7.424039426999999580e-02	4.191815430999999981e-01	-7.992980739999999695e-01	5.154711576999999600e-01	9.898498719999999917e-02	2.152792950999999899e+00	1.171940992999999986e+00
2.227916050000000037e-01	9.301749818000000225e-01	-4.859327691999999754e-02	5.083195696000000069e-02	4.794023593000000250e-01	1.034421757999999913e+00	3.992049042999999686e-02	7.447077546000000492e-01	-6.281622958000000478e-01	4.352082375999999919e-01	-3.373873618000000074e-01	4.215086835999999892e-01	8.924087536999999459e-01	1.215314157999999978e+00	1.033306130999999961e-01	7.891731735000000469e-01	-4.475587312999999845e-02	7.607901926000000259e-01	1.677916395000000005e+00	1.038708712000000034e+00	1.780732549000000109e+00	-4.572010850000000071e-01	8.161657367000000329e-01	-1.002287892000000014e+00	1.758359406999999985e-01	-3.793962151999999977e-01	1.470675635000000092e+00
1.937468964999999876e-01	1.035674108999999898e+00	2.118500359000000111e-02	-4.299649883000000034e-02	1.842266205999999906e+00	1.407038983000000076e+00	3.412845355999999941e-01	6.574153199000000170e-01	-8.402833637000000078e-01	6.933161243000000029e-01	8.604554363999999955e-01	8.165985707999999788e-01	1.603029736999999955e+00	2.348227703999999916e-01	8.285595544999999618e-01	5.459694858000000428e-01	2.916145625999999949e-02	9.365501504000000033e-01	5.883378263999999858e-01	-4.971649868999999944e-01	-1.200980216000000045e+00	-2.635995702000000218e-01	4.615560125000000014e-01	-1.828347572000000032e-01	-8.201198234000000031e-01	9.666802553000000131e-01	-1.980941673000000125e-01
7.095667423000000251e-02	9.798734206000000446e-01	-2.425541696999999886e-01	2.051967070000000060e-01	1.018151081999999930e+00	-5.093053918000000069e-01	1.495867261999999920e-01	7.811967140000000143e-01	-1.727171734000000070e-01	5.653017116999999869e-01	4.957466923000000136e-01	4.228468052000000088e-01	-6.595701902999999422e-02	-3.960649410000000037e-01	-4.029542449999999887e-01	-9.882294963000000376e-02	2.486884665000000105e-01	4.455521152999999956e-01	1.225359796000000001e+00	5.219624806999999533e-01	-7.675881774999999685e-01	-6.042796750000000161e-01	1.359389825999999912e+00	6.088538599999999690e-01	-4.184724911000000103e-01	4.651264433000000253e-01	-1.580193820000000082e+00
-1.044666169999999977e-01	9.314051510999999950e-01	-2.440535004000000119e-01	9.816327608000000038e-02	8.421189096999999457e-02	-7.959601818999999523e-01	-4.163206338000000062e-02	6.364563702000000101e-01	-6.552532838000000304e-01	6.913310089999999963e-01	5.657692892000000251e-01	9.991203207000000190e-04	1.935707399000000106e-01	-4.819924027999999971e-01	-3.490779835999999747e-01	-7.109123149999999614e-01	-8.740135421000000404e-01	-2.654967847999999964e-01	9.354360273999999531e-02	-1.273876653000000081e-01	-1.738656533000000060e-01	-2.836071404000000129e-01	-5.034264321000000431e-01	1.305902173000000055e-01	3.491775243999999945e-01	8.547625000999999889e-01	8.801111139999999722e-01
5.769563484000000270e-02	9.312818835999999711e-01	-1.955272362999999902e-01	2.500456627000000043e-01	2.400356851999999874e-01	-1.117901127000000105e+00	5.087393895999999666e-02	9.872310730000000145e-01	2.754661668999999757e-01	5.034466388999999653e-01	9.532152983999999663e-01	2.837415221999999848e-01	-1.964173983999999984e-01	3.278687410000000191e-01	4.224694285999999743e-01	5.642770652999999914e-01	-7.513301862000000553e-02	7.209630353000000547e-01	8.472208299000000276e-01	1.848572933000000029e+00	2.101058668999999934e-01	-7.433009601000000188e-01	4.888028281000000169e-02	4.091696698000000243e-01	6.647279993000000387e-01	-1.950615230999999949e-01	-1.023617312999999918e+00
-7.213852101999999877e-02	8.892775326999999841e-01	-3.101966946999999974e-01	-2.325530835000000004e-02	-6.830755580999999799e-01	-1.239940113000000066e+00	-4.735961153999999895e-02	9.505875773999999945e-01	-8.304061808999999572e-01	6.161075285999999540e-01	-5.322800391000000186e-02	-2.944237833000000193e-01	-4.747503006000000081e-01	-8.574124360999999528e-01	-1.206543201000000037e-01	-3.075557709000000250e-01	1.074328202000000010e+00	-2.748551959000000156e-01	-2.413509224000000009e-01	-1.289903736000000078e+00	-8.056009530000000085e-01	-2.807730840000000061e-01	1.131475956000000060e+00	-1.206976453000000067e-02	4.072948298000000217e-02	3.742656374000000175e-01	-5.502575910000000459e-01
8.017372378999999827e-02	8.251194750000000466e-01	-2.204424650000000041e-01	2.140373745999999966e-01	-5.551867871000000232e-01	-6.495350033000000245e-01	-1.100230460999999937e-02	1.306597103999999954e+00	-4.386709563999999922e-02	7.954724940999999827e-01	-2.833382907000000020e-02	4.436824939999999828e-01	-9.057763924999999716e-01	3.652831528000000105e-01	-1.843508120000000028e-01	-7.143206696999999938e-02	6.066050856000000380e-01	5.986304498000000196e-02	-6.500840000999999480e-02	1.134145884000000049e+00	2.094312667000000072e-01	-3.140769407999999957e-03	-3.241856449000000140e-01	-1.045281812000000032e+00	-5.173255608999999949e-02	-7.988020606000000301e-01	1.830671147000000110e+00
-1.559527609999999953e-01	7.398554515999999914e-01	-3.791436765999999792e-01	-2.183555834999999917e-02	-8.429902890999999565e-01	-8.459063460000000589e-02	1.409496923000000054e-02	8.350722190999999572e-01	-1.203963149000000010e+00	-2.442355538000000048e-01	-1.452227552999999990e-02	-1.162598494000000038e+00	-7.304608502999999642e-01	-1.975556776000000070e-01	-1.267607563999999964e+00	-5.900466494999999645e-01	4.174761670000000091e-01	-2.047085875000000110e-01	-4.771021659999999942e-01	-9.213389517999999445e-02	-2.326568558000000064e-01	6.859754143000000581e-02	-8.667081451000000492e-01	-1.416470260000000092e+00	9.100804869999999935e-01	1.056312506000000040e+00	-3.497191944999999969e-01
7.543327284999999660e-02	6.109805699000000478e-01	-3.508114955000000146e-01	3.365572864999999969e-01	-5.939625726999999689e-01	-7.703339740999999574e-02	2.693662437999999864e-03	1.031584011000000078e+00	3.986225313000000270e-01	1.206323910000000055e+00	2.012105908000000054e-01	1.033145744000000033e+00	-1.012860089999999991e+00	1.799191752000000033e+00	1.281371421999999982e-01	4.978122796000000183e-01	-3.084977620000000087e-01	-4.195394516999999962e-02	9.049890049000000047e-01	-3.361558789999999908e-01	2.023113674000000195e+00	2.009127186000000120e-01	-7.351842226000000480e-01	-1.031738716000000000e+00	5.419944987000000491e-01	-2.425031025000000118e-01	1.063852355999999943e+00
-2.376646175999999888e-01	8.483225216999999985e-01	-9.061549644999999931e-02	-7.667377470999999778e-01	8.583181511999999902e-01	1.892733851000000023e+00	4.337714744000000233e-01	-8.279229461999999817e-02	-3.708644044999999778e+00	1.742480261000000086e-01	4.237988644999999832e-01	-1.829771943999999984e+00	1.870805062999999935e+00	-2.808646761999999963e-01	2.487949403999999837e-02	4.176350864000000218e-01	-2.628983550999999808e-01	5.966375305999999795e-02	-7.105892335000000282e-01	-1.518003420999999964e+00	-3.759611562999999879e-01	6.296866304999999553e-01	-3.822535550000000226e-01	-1.123878235999999919e+00	-2.365473640000000100e-01	6.845989957000000459e-01	-1.570263239999999949e-01
8.864730781000000615e-02	-3.505662346999999901e+00	-8.885646421999999767e-01	8.016509487999999850e-01	1.618554382999999985e+00	2.644575757000000138e+00	-1.126183289000000087e+00	-4.900621544999999912e+00	-7.720550212000000023e+00	3.322262493000000205e+00	2.147467473999999932e+00	-4.006472464999999872e+00	-4.961041936000000208e-01	1.530714434999999873e-01	8.853223424999999702e-01	-1.145573940000000013e+00	2.006093084999999832e+00	1.826132791000000033e+00	-1.484256317999999908e+00	1.561316893000000094e+00	3.695373598999999842e+00	-1.827819839000000002e+00	-1.334999448999999894e+00	1.105507285999999922e+00	-1.195311102000000014e+00	-1.915351210999999942e+00	-4.531328655999999899e-01
-5.380951580999999706e-01	-3.553180756000000162e+00	3.498321668000000106e-01	1.862640218000000125e-01	2.482587370000000071e+00	1.406213798000000015e+00	1.388972145000000047e-01	6.038458517000000469e-01	3.293632233000000076e-01	3.695177858000000093e+00	9.197520256000000227e-01	2.067219553999999793e+00	1.269104524000000123e-01	4.560589741999999946e-02	1.426255790999999995e+00	7.295076338000000549e-01	7.230774153000000259e-01	1.857902409000000032e+00	-4.482105829999999957e-01	8.767068242000000122e-01	2.375042645000000174e+00	7.116992487000000089e-01	1.349876787999999994e+00	3.843962840999999853e-01	9.375945294999999957e-01	1.911697508999999906e+00	-7.902908142000000247e-01
-1.014925027999999951e+00	-2.752276332000000103e+00	-2.337607979999999919e-01	5.562602694999999597e-01	1.073239532999999968e+00	-1.800814795000000024e-01	8.627771072999999846e-02	-1.170766712999999903e+00	-1.959939590000000065e+00	1.259759969999999951e+00	-4.882815956000000068e-01	-2.336830046999999855e+00	7.234068231000000404e-01	-1.221154192999999999e-02	5.616204256000000283e-01	-1.214152821999999965e+00	-2.136411598000000078e-01	1.165178912000000011e+00	5.604242980000000429e-01	2.498417649999999934e+00	2.721898554000000026e+00	-2.298531162000000128e-01	2.746631932000000109e+00	-1.513792586999999967e+00	3.453810834000000107e-01	3.688809087000000098e-01	1.295635335000000055e+00
-1.209374345999999933e+00	-2.612103353999999822e+00	-1.453690880000000074e-01	1.072553088000000043e+00	6.221023756000000349e-01	-7.193585739000000201e-01	4.417399483000000182e-01	1.139021318000000005e-01	-2.931465762000000017e-02	3.039712434000000130e+00	-2.952320719000000038e-01	1.021204296000000067e-01	9.304248240000000392e-01	6.231792029999999594e-01	1.946931916999999901e+00	1.191818075000000005e-01	-1.161336931999999988e+00	7.794764211000000387e-01	-1.672290197999999894e-01	-5.405881737000000076e-01	-2.098501229999999995e-01	1.641185488000000081e+00	-3.230309596000000005e-01	-1.574202974000000088e+00	-1.413839649000000032e+00	9.627953383999999781e-01	-6.593245856999999654e-01
-1.243285222999999995e+00	-2.334475854999999989e+00	-3.405096243999999883e-01	9.944846608999999837e-01	9.499272935000000473e-01	-8.759376478999999494e-01	3.661282793999999785e-01	-9.063679718999999579e-01	-6.219114207000000505e-01	1.081287102000000111e+00	6.044774609999999937e-01	-1.086574463000000046e+00	1.773441631000000074e+00	-4.700182720000000147e-01	1.826869838999999995e+00	5.205658199999999569e-01	-4.219164291999999983e-01	2.514020314999999783e+00	8.503084574000000506e-01	2.084014054999999921e+00	1.005147749000000035e+00	-1.640598846000000111e-01	-5.245581170999999987e-01	-5.030350517999999660e-01	6.440566534999999648e-01	1.827654297999999899e+00	1.091999194000000006e+00
-1.274990966000000059e+00	-2.042131535000000220e+00	-2.944203992000000158e-01	9.820826158000000028e-01	1.932395883999999883e-02	-9.913095855000000345e-01	2.198258547999999979e-01	-3.132607582999999973e-01	5.722625986999999581e-01	2.129754667999999906e+00	-9.455236693000000636e-02	2.697471321000000088e-01	1.506318470000000076e+00	4.409420558000000101e-01	1.204711344999999989e+00	1.086946548000000012e+00	1.080862291000000086e+00	2.562629138000000140e+00	-5.086544795999999868e-01	1.147359282999999897e+00	-7.866321225000000306e-01	8.232913866000000080e-01	9.059447459999999674e-01	-3.404960122999999700e-02	-1.055439365000000018e+00	5.178623871999999961e-01	-1.162061070999999890e+00
-1.356151555000000064e+00	-1.756376101000000078e+00	-4.433479283999999798e-01	9.677383956999999759e-01	8.485000087999999829e-02	2.571921722000000132e-01	1.976903942999999955e-02	-8.968093144000000017e-01	-1.965476151999999976e-01	1.356047253000000063e+00	-4.272188681999999904e-01	-9.952506006000000349e-01	1.523701208999999945e+00	-1.049205519999999892e+00	9.343706819999999524e-01	4.679907998999999763e-01	1.548501764000000058e+00	2.375559026999999990e+00	2.564294723000000165e-01	1.657749960000000078e+00	4.109998930000000050e-01	2.102063898000000042e-01	1.084072452999999998e-02	-1.791491041999999922e-01	5.964883985000000166e-01	2.274595312999999841e+00	2.358686718000000127e-01
-1.311840369000000006e+00	-1.478670893000000097e+00	-5.219462068000000343e-01	1.162819821000000031e+00	2.065712366999999938e-01	3.984016430999999803e-01	9.240920172000000044e-02	-9.663065496999999615e-01	5.480420453000000025e-01	2.276570673000000156e+00	-6.942583345999999711e-01	-5.226760022999999977e-01	6.060753809000000158e-01	-4.251564328999999920e-01	1.037280925999999992e+00	5.360434936000000317e-01	1.656840899000000089e+00	1.463245209999999963e+00	6.852516011999999490e-01	6.420749738000000040e-01	-1.600889447999999937e-01	5.830939494000000334e-01	1.069800450000000014e+00	-5.384010342999999699e-01	-4.306412212999999878e-01	-2.120358455999999947e-01	-3.624953917000000025e-01
-1.344915937999999977e+00	-1.321925325000000040e+00	-6.214216587999999986e-01	1.120377098999999932e+00	5.768554359999999992e-01	1.026897200999999926e+00	2.349002219999999919e-01	-1.069118462000000047e+00	2.559890570999999726e-01	1.904768272999999956e+00	-4.694924375000000261e-01	-1.424155285999999965e+00	1.009582420000000091e+00	-3.695786558999999971e-01	1.053086390000000039e+00	-1.783087171000000137e-01	4.956636348999999830e-01	1.306609268000000101e+00	9.568823206000000026e-01	1.231682927999999899e+00	-4.552153017000000190e-01	5.326951573000000550e-01	-6.258085594000000196e-01	-8.806159542000000506e-01	3.789338173999999837e-01	5.089925430999999723e-01	1.775375259999999900e+00
-1.254390106000000005e+00	-1.301069019000000049e+00	-7.176078647000000421e-01	1.191128157000000076e+00	9.365751842999999743e-01	1.090870371000000061e+00	2.620709486000000199e-01	-1.012308205000000072e+00	1.086130006999999953e+00	1.733732115000000018e+00	-5.862161509000000242e-02	-1.044365527000000071e+00	5.703341416999999636e-01	8.344224503000000071e-02	1.125071364000000074e+00	9.913606540000000078e-02	3.576222749999999895e-01	1.505752054000000006e+00	1.984945538999999926e+00	7.359568058000000024e-01	-1.154638583000000107e+00	2.763218946000000065e-01	-4.309221369999999829e-01	-9.226075267000000135e-01	1.109876695000000080e+00	4.911940642000000024e-01	5.373160015999999678e-02
-1.341134934000000056e+00	-1.084159652999999945e+00	-8.201936319999999503e-01	1.146788303999999981e+00	7.331380691000000116e-01	1.185108062000000073e+00	3.633745409999999953e-01	-1.196186790000000055e+00	5.339916042000000251e-01	1.247225508000000094e+00	1.100608719000000013e+00	-7.279259477999999728e-01	2.454060382000000096e-01	1.417602738000000029e-01	1.346860884999999897e+00	3.924473129000000116e-01	3.218237411000000048e-01	1.295601103000000087e+00	1.610977115999999987e-01	-2.229442087000000072e-01	-6.785180714999999863e-01	5.511792827000000505e-01	-2.382150412000000050e-01	-1.378982139999999967e+00	9.908910974000000316e-01	-2.006306726000000040e-01	9.450271372999999864e-01
-1.245578059999999931e+00	-1.106603087999999957e+00	-8.425922879999999671e-01	9.079020154000000398e-01	4.431467245999999860e-01	1.600191388000000048e+00	2.762064951000000046e-01	-1.163540790000000102e+00	7.912017399999999867e-01	8.280427327999999587e-01	8.003295183999999951e-01	-1.940586442999999994e-01	2.094432017999999993e-02	4.544373729999999778e-01	1.906801387000000014e+00	7.983483733999999776e-01	1.318530736000000037e+00	8.166079027000000545e-01	-1.195338578999999984e-01	6.040953054000000044e-01	8.346241196999999445e-01	-5.305639327000000183e-02	-1.299932347999999960e-01	-1.601174394000000056e+00	1.019313992000000058e+00	-3.609644430000000237e-01	-5.740328581000000430e-01
-1.346793302000000025e+00	-8.318916484999999694e-01	-9.153048594999999565e-01	9.050968166999999731e-01	1.037783163000000064e-01	1.635098531999999993e+00	2.495198006000000079e-01	-1.430684848000000065e+00	2.802225589999999822e-01	6.894828012000000506e-01	-1.346357065999999880e-01	-6.922254857999999844e-01	-5.123278851000000467e-01	4.651103328000000259e-01	2.386419554000000165e+00	4.200938323999999779e-01	1.184586555000000097e+00	6.001695232000000546e-01	-4.754335847000000226e-01	-2.034007237000000079e-01	2.118722125000000123e+00	-7.561476776000000122e-01	1.032057269999999916e+00	-6.531782190999999571e-01	2.936292802000000091e-01	-1.850102635999999884e-02	3.586878801000000228e-01
-1.369116927999999955e+00	-8.170412281000000165e-01	-6.866285623000000227e-01	1.023477903000000078e+00	3.320970609000000184e-01	1.602845027999999949e+00	3.774271696000000009e-01	-1.024027706999999898e+00	3.069338922000000025e-01	5.695498340000000326e-01	-3.454132038000000127e-01	-1.895429728000000034e-03	1.644957545000000076e-01	1.826493003999999920e-01	1.263870218999999961e+00	3.010965225000000189e-01	7.842122628000000040e-01	2.197678054999999964e-01	-5.506002935999999570e-01	8.165300962000000551e-01	8.829166378999999676e-01	5.791716531999999695e-01	6.778178614999999518e-02	-6.170903206000000196e-01	3.120348161000000009e-01	1.564513333999999922e+00	-1.130654984000000057e-01
-1.349030060999999892e+00	-6.424068698999999549e-01	-7.081927185999999930e-01	7.600443345999999822e-01	6.347606944999999445e-01	1.252995926999999954e+00	1.040919302000000018e-01	-1.544256757999999952e+00	-3.177867020999999847e-01	1.040472878000000101e+00	-5.259435027000000096e-01	1.914510531999999987e-01	4.975685425999999967e-01	5.335125739999999617e-01	5.451975848000000235e-01	2.075571241999999983e-01	1.951606164999999948e-01	9.858424739000000159e-01	1.488378941999999983e+00	7.394288798999999468e-01	2.584078820999999859e+00	3.234685445000000104e-01	1.259031774999999909e-01	9.766298141999999460e-01	9.204614328000000345e-01	1.232115347999999999e+00	8.425751613999999945e-01
-1.105536469000000022e+00	-6.110089620999999971e-01	-6.919525233000000108e-01	1.105707008999999991e-01	1.286628450000000035e+00	2.820741896999999776e-01	-2.423212124999999939e-01	-2.051649127000000128e+00	-5.916389757000000138e-01	1.341153687999999899e+00	1.453399330000000045e-01	8.048072887999999647e-01	1.946917785999999984e+00	2.160381180999999984e+00	-1.795813947999999882e-01	5.210660556999999748e-01	2.389162611000000158e+00	5.233125199999999477e-01	2.301926300999999953e+00	6.771382951000000094e-01	-1.366315323000000026e+00	7.736237736999999726e+00	1.516114740999999988e+00	3.231928492000000208e-01	1.558100028999999997e+00	9.722163744999999802e-01	1.526816707000000051e+00
-9.527891356000000034e-01	-1.016654619000000093e+00	-8.032883876999999950e-01	6.394629260999999953e-01	1.827767177999999992e+00	7.145838022999999595e-01	4.780240920000000115e-01	-1.327982095999999945e+00	2.025844269000000031e-01	-3.418165590000000198e-01	1.025687264000000098e+00	1.621140653000000098e+00	2.167342716999999919e+00	5.706635243000000024e-01	-5.109854780000000485e-01	7.441343910000000061e-01	2.034947922999999825e+00	-1.760870679000000119e-02	2.705434934999999985e+00	-8.337715126000000421e-01	-2.828330252000000211e+00	1.971845410000000021e+00	1.221573999000000049e-01	5.867704741999999474e-01	1.201518050000000004e+00	2.320190208000000087e+00	2.609791536999999995e+00
-1.068366675000000043e+00	-7.523333170999999542e-01	-7.846457276999999619e-01	8.219275031999999648e-01	1.719294062999999984e+00	4.523927034999999930e-01	3.924683904000000195e-02	-7.381603111000000217e-01	-2.103537013000000011e-01	-2.557115038000000173e-01	-1.413421468000000125e-01	1.660218061999999994e+00	-3.339577831000000163e-01	6.312304689000000080e-01	1.846836305999999928e+00	3.779694273000000049e+00	7.948264699999999516e-01	8.806783683999999668e-02	-2.672081350000000133e-01	6.309299487999999734e-01	-9.199715059999999944e-01	-9.079192935000000020e-01	3.863065415999999974e-01	-7.814681327000000399e-01	6.779908400999999918e-01	-1.279197256000000005e+00	1.378399890999999933e+00
-1.345284968999999942e+00	-7.368908156000000265e-01	-9.472600063999999653e-01	3.634139175000000166e-01	1.475087347000000049e-01	-1.414800636000000056e+00	-4.788891319999999951e-01	-1.132660956999999913e+00	-7.209731799999999913e-01	-8.669999648999999753e-01	-2.199213375999999887e+00	-1.530501622999999867e-01	-2.677195399999999781e-01	-2.880570152999999967e-01	-5.093690419999999941e-01	3.482271744000000169e+00	2.525168015999999849e+00	-1.597280465999999954e+00	1.618794224000000004e-01	2.331104022999999970e+00	-5.296528477999999929e-01	-7.952384609999999521e-01	1.694048698000000019e+00	-2.063587982000000043e+00	1.556105406999999996e+00	-1.703603956999999891e+00	-6.699010263000000354e-01
-1.435437129000000089e+00	-9.781603703000000261e-01	-9.441899527999999542e-01	6.303227148000000168e-01	-2.485513318000000194e+00	-2.605844337999999816e+00	-4.156145659000000103e-01	-4.482955429000000103e-01	-5.141956492000000489e-01	3.788846597000000149e-01	-2.406831529999999830e+00	2.566209768000000113e-01	-8.964823010000000370e-01	3.692430136000000029e-01	-1.312244696000000044e+00	2.810109627999999860e-01	3.059955962000000085e+00	-1.939704246000000021e+00	-4.955452177999999930e-01	-4.136148351000000223e-01	-1.940867289000000051e+00	-6.856765391000000376e-01	1.133106383999999967e+00	-2.670101561000000068e+00	7.282458822999999803e-01	-2.345177313999999846e+00	-6.621996946000000550e-01
-1.512385438999999998e+00	-1.123670243000000069e+00	-7.626593027000000413e-01	4.877083484999999996e-01	-2.585681865000000190e+00	-2.351069912999999900e+00	-4.814679269000000095e-01	-6.738222672000000468e-01	-7.243762686000000395e-01	2.516056628000000184e-01	-2.307952857000000080e+00	1.887572345999999901e-01	4.698809085999999802e-01	-1.955447798000000126e-01	-1.800423102000000108e+00	-1.696209070999999957e+00	2.003917325999999832e+00	-2.156760118999999865e+00	9.241167832000000137e-01	3.069718361000000062e-01	-1.186542172000000006e+00	2.351533331000000004e-01	-1.545324649000000106e+00	-1.782594556000000052e+00	1.512208556999999898e+00	-4.758128479000000022e-01	5.050759179999999571e-01
-1.322597819999999924e+00	-9.173894021999999815e-01	-8.338854076999999698e-01	8.188327870999999591e-01	-1.444189001000000028e+00	-1.343410822999999921e+00	-8.566692002999999611e-02	-1.070214065999999908e+00	2.790362620999999876e-01	1.001169337999999964e+00	-1.151236111000000006e+00	1.080572633999999921e+00	1.079380903999999974e+00	1.207506283000000069e+00	-1.304771050000000043e+00	-1.905588207999999950e+00	1.572611568999999987e+00	-5.252744404000000422e-01	9.916656574000000113e-01	3.685749784999999695e-02	-5.043871862000000039e-01	2.125755763999999937e-01	-1.502675851000000007e+00	-1.098786558000000024e-01	9.341899958999999587e-01	-2.029994603000000009e+00	7.245239702000000337e-01
-1.267716338999999914e+00	-1.029990780999999966e+00	-7.329272634000000286e-01	7.668132424000000391e-01	-4.089640398000000121e-01	-2.793330529999999978e-01	-6.368081717000000086e-02	-9.936519020999999841e-01	-8.306689295999999945e-02	5.129212058000000019e-01	6.833675780000000310e-01	1.689032271000000085e+00	1.055874994000000067e+00	1.681472915000000068e+00	3.227968212000000003e-02	-9.914191100999999451e-01	1.389717536000000031e+00	6.603182152000000027e-01	-4.740579108999999902e-01	-9.560791600000000390e-01	-8.266397545000000457e-01	1.071509473000000101e+00	-2.023123585000000002e+00	-1.338498359999999998e-01	1.577178082999999953e+00	-1.525348132000000079e-01	-5.100694242000000100e-01
-1.162340488999999977e+00	-1.097187200999999890e+00	-6.629163845000000110e-01	9.160659330000000544e-01	3.760876649000000072e-01	7.458507634000000053e-01	2.300822217000000058e-01	-8.388791816999999762e-01	2.853770674000000174e-01	1.667734663999999867e-01	1.795821509000000038e+00	2.187748012000000131e+00	1.525436448000000000e+00	1.693600589000000101e+00	8.310180364000000486e-01	-1.015993798999999947e-01	7.854749166000000171e-01	1.593851300000000082e+00	1.213828286000000034e+00	-1.301703312999999973e+00	-2.090772401000000058e-01	1.152157107000000014e-01	-4.496711253999999824e-01	1.211005416000000001e-01	1.585193478999999961e+00	-3.506902013000000040e-01	4.006657755999999959e-01
-1.187488062999999983e+00	-1.057059187999999983e+00	-6.663761987999999858e-01	7.972445536000000166e-01	1.041518144000000090e+00	1.538164660999999933e+00	4.734228233000000174e-01	-1.013707133000000038e+00	4.858066057000000326e-02	-2.650421732000000086e-01	2.419907070999999910e+00	1.820367011999999951e+00	1.493589775000000008e+00	1.584655649000000111e+00	1.436667877999999954e+00	1.174522816000000081e+00	4.712809116000000187e-01	1.888749664999999966e+00	1.339450717000000013e-01	-5.623575282999999647e-01	4.165147120999999897e-02	4.003891038999999874e-01	-1.403199867999999906e-01	2.089119708999999936e-01	1.348009255000000017e+00	5.064353550000000315e-01	1.462691965000000094e+00
-1.104707381000000099e+00	-1.028085195000000063e+00	-6.783359252999999756e-01	8.473862651000000357e-01	1.784621328000000062e+00	2.220685286000000147e+00	3.904024554000000147e-01	-1.125184256000000049e+00	-7.152367246999999373e-02	-5.168254623000000381e-01	2.038393602999999832e+00	2.271786477000000026e+00	1.644132670999999934e+00	1.986696444999999978e+00	1.898013796000000086e+00	2.107429562000000089e+00	4.465459622000000212e-02	2.179307715999999839e+00	1.766262205000000085e+00	-1.020811236000000038e-01	1.074256990999999939e+00	-6.696812041999999909e-02	9.423085590999999983e-01	4.046653990999999895e-01	1.187078889999999998e+00	7.533394973000000494e-01	8.400868549000000129e-01
-1.222509300000000021e+00	-1.019106011000000089e+00	-6.936444836999999808e-01	9.864394969999999985e-01	2.061792520000000017e+00	1.888682294000000095e+00	4.900116364000000058e-01	-1.010677065999999957e+00	-2.491384486999999870e-01	-3.669819611999999842e-01	1.910517535999999961e+00	1.966390886999999976e+00	1.010025795000000004e+00	1.429579694000000067e+00	1.841685299000000109e+00	2.375359791999999803e+00	1.833383275000000090e-01	1.561261892000000095e+00	-4.443454971999999947e-01	1.804900492000000023e-01	-1.898642456000000089e-01	-1.278216339999999895e-01	1.375316286999999971e+00	8.254896952000000399e-01	3.509352767999999734e-01	1.357233619000000058e-01	1.405365503999999932e+00
-1.382806559999999907e+00	-1.073180556000000063e+00	-6.763433888000000005e-01	8.896048073000000223e-01	1.739038856000000077e+00	1.526845406999999932e+00	3.713478386999999881e-01	-8.590690469999999745e-01	-1.369370602999999964e-01	-4.185937351999999834e-01	1.471497365000000057e+00	1.844479857000000056e+00	1.253911211999999997e+00	1.350998614999999958e+00	1.102842502999999974e+00	1.828423485000000070e+00	-3.014221744000000203e-01	7.001522702000000375e-01	1.665796693000000106e+00	1.079494398000000022e+00	4.515172057999999877e-01	2.155033346999999933e-01	7.368172458999999730e-01	1.222812403999999908e+00	6.809854745000000209e-01	7.197089585000000511e-01	-5.928961502999999800e-01
-1.458497975000000002e+00	-8.977392266000000509e-01	-5.621037841999999563e-01	6.925315401999999620e-01	1.940861324999999971e+00	1.629391821000000018e+00	1.081628872000000019e-01	-7.879487584000000044e-01	-5.633760603999999894e-01	-2.428243285000000057e-02	1.499469895000000053e+00	2.115027425000000072e+00	9.530340645000000555e-01	1.000818387000000032e+00	1.754037054000000095e+00	1.731848894999999944e+00	-3.039336246000000075e-01	1.137661518000000038e+00	7.098685782000000444e-01	-7.085624509000000293e-01	2.099664022000000130e-01	8.764949058000000015e-01	1.162214708000000041e+00	1.897737761999999995e+00	-7.011412127999999688e-01	3.195820216999999963e-01	1.327662941000000041e+00
-1.452494514999999931e+00	-1.033116155000000091e+00	-5.972872017999999450e-01	8.576871960999999933e-01	1.517567206000000057e+00	1.711279384000000015e+00	3.414607137000000292e-02	-9.513178114000000463e-01	-2.404060329999999912e-01	-6.614321670999999681e-01	1.340307158000000110e+00	2.102427528999999851e+00	1.192995800000000051e+00	1.034195707999999936e+00	1.105423075000000033e+00	1.123063219999999918e+00	2.739925527000000027e-01	3.385298829999999759e-01	1.427153644000000110e+00	1.344395707000000106e+00	9.514516584000000110e-01	9.033477227999999748e-01	1.900664098000000024e-01	1.474095879999999914e+00	-1.744480365999999949e-01	1.934710895999999902e+00	7.331293863000000188e-01
-1.532607676000000030e+00	-9.127220286999999654e-01	-4.558103787000000184e-01	7.393081302999999771e-01	1.740372996999999922e+00	2.153287657999999993e+00	1.253089938999999986e-01	-1.058023820000000059e+00	-4.384488899000000273e-01	-4.604634654999999882e-02	2.085872791999999976e+00	2.075726603000000114e+00	1.409727042999999957e+00	7.657177205999999847e-01	1.842531697000000079e+00	1.605504030999999943e+00	1.355884182000000049e-01	4.083985553000000213e-01	1.451036669999999917e+00	-2.867644400000000093e-01	1.530412475000000105e+00	1.336472043000000109e+00	8.147576796000000066e-01	2.108931027000000125e+00	-3.574025400999999991e-02	1.360830046000000015e+00	1.424450726999999972e+00
-1.532848237999999919e+00	-8.783201294000000381e-01	-4.840328613000000058e-01	9.079076860000000471e-01	1.183869319999999892e+00	2.320709798000000212e+00	3.622203063999999972e-02	-8.792469978000000408e-01	-2.532609232999999960e-01	-5.726093827999999553e-01	2.271798700999999809e+00	1.792834961999999921e+00	6.440583257999999978e-01	6.594050780000000334e-01	1.117282611000000037e+00	9.770226330000000292e-01	1.224461076000000093e+00	1.393461816000000075e-01	4.356718659000000105e-01	2.514404337000000211e+00	1.400547881000000050e+00	5.918249088999999463e-01	1.691091442000000056e+00	1.547822838999999950e+00	4.470253056999999863e-01	8.845514693999999567e-01	3.340742455999999860e-01
-1.598327520000000002e+00	-1.005400765000000085e+00	-5.363846963999999717e-01	6.234227996000000216e-01	6.715780058999999691e-02	1.750050996999999997e+00	-4.341715234000000090e-02	-8.173349682999999644e-01	-8.035969927999999651e-01	-1.938562506000000157e-02	9.237230193000000034e-01	1.543179882000000003e+00	-3.918794243000000010e-01	1.252800949000000053e+00	4.832455071000000268e-01	3.840573178000000198e-01	8.314366627000000509e-01	-9.833351488999999557e-01	1.446599748999999990e+00	6.512316674000000472e-01	5.175690977000000359e-01	7.171498480000000342e-01	2.548939956999999978e+00	1.050674654000000041e+00	-2.957933224000000028e-01	8.289870482000000207e-01	5.395226006000000130e-01
-1.652170544000000074e+00	-7.605742399999999570e-01	-4.202994109000000034e-01	6.101012177000000314e-01	1.190522016999999932e+00	1.812430019000000003e+00	-6.307479070999999493e-02	-6.604013155000000301e-01	-4.843739092000000079e-01	6.505714552000000372e-01	3.428290547999999771e-01	1.854419774999999992e+00	1.248617337999999993e-01	1.116482524999999892e+00	7.239125956999999945e-01	1.091572146000000076e+00	3.903018890000000130e-01	-4.555965758000000143e-01	7.931005242999999982e-01	3.564099774000000220e-01	3.152364093999999728e-01	1.374476025999999962e+00	6.405129261999999990e-01	1.084655221000000003e+00	-7.796555821999999747e-01	1.885400151000000024e+00	2.789647186000000084e-02
-1.694051476999999917e+00	-8.607852618000000344e-01	-5.778937934000000221e-01	6.219122556999999718e-01	1.417389156000000039e+00	6.434549234000000277e-03	-2.346714484999999975e-02	-1.025939646000000094e+00	-3.124912644999999767e-01	1.804229377000000079e-01	1.263687819000000045e-01	1.609411857000000001e+00	1.794511454999999922e-01	4.348058418999999897e-01	-7.018756101999999997e-01	2.332007506000000063e-02	8.477760922999999504e-01	-3.927034071999999792e-02	1.565288001000000095e+00	2.679782146999999948e-01	-1.679179302999999956e+00	7.913527355999999680e-01	1.431891886000000058e+00	1.461229558999999956e+00	2.534351021999999842e-01	8.584508173999999547e-01	1.014935637000000002e+00
-1.738986750000000026e+00	-9.063028128000000239e-01	-5.743197978999999842e-01	9.498782250999999732e-01	3.439224638999999750e-01	-6.582754812000000122e-01	-5.352307544999999889e-02	-8.533599687999999794e-01	-2.215104988999999913e-01	4.065442169999999855e-01	-2.675148371000000136e-01	1.136416993999999958e+00	1.149608551000000034e+00	1.214400251999999902e+00	-3.929740942000000126e-01	-1.053643496999999929e+00	3.633463390000000182e-01	-6.870720085999999505e-01	5.607828148000000290e-01	1.520951598999999987e+00	-1.900316641999999945e+00	4.672059533999999847e-01	5.173559935000000554e-01	4.288425565000000272e-01	8.894863728999999331e-02	9.113581828000000273e-01	1.346350232999999896e+00
